{
  "bit0": {
    "gene": "(b3 XOR b6)",
    "accuracy": 1.0,
    "stored_as": "SPARC_CamB_b0"
  },
  "bit1": {
    "gene": "(a1 XOR (a0 OR b6))",
    "accuracy": 1.0,
    "stored_as": "SPARC_CamB_b1"
  },
  "bit2": {
    "gene": "(NOT(a0) AND b1)",
    "accuracy": 1.0,
    "stored_as": "SPARC_CamB_b2"
  },
  "bit3": {
    "gene": "(a5 AND (a0 XNOR a4))",
    "accuracy": 1.0,
    "stored_as": "SPARC_CamB_b3"
  },
  "bit4": {
    "gene": "(a4 XOR b1)",
    "accuracy": 1.0,
    "stored_as": "SPARC_CamB_b4"
  },
  "bit5": {
    "gene": "(b0 OR b1)",
    "accuracy": 1.0,
    "stored_as": "SPARC_CamB_b5"
  },
  "bit6": {
    "gene": "Out[i] = b6[i] OR Out[i]",
    "accuracy": 1.0,
    "stored_as": "SPARC_CamB_b6"
  },
  "bit7": {
    "gene": "Out[i] = b7[i] OR Out[i]",
    "accuracy": 1.0,
    "stored_as": "SPARC_CamB_b7"
  }
}