{
  "bit0": {
    "gene": "RippleAdderSumBit[0]: (a0 XOR b0) XOR carry_in(0)",
    "accuracy": 1.0,
    "stored_as": "SPARC_D512_2_b0"
  },
  "bit1": {
    "gene": "RippleAdderSumBit[5]: (a5 XOR b5) XOR carry_in(5)",
    "accuracy": 1.0,
    "stored_as": "SPARC_D512_2_b1"
  },
  "bit2": {
    "gene": "RippleAdderCout[8]: carry_out(8)",
    "accuracy": 1.0,
    "stored_as": "SPARC_D512_2_b2"
  },
  "bit3": {
    "gene": "Out[i] = a1[i] OR Out[i]",
    "accuracy": 1.0,
    "stored_as": "SPARC_D512_2_b3"
  },
  "bit4": {
    "gene": "Out[i] = a1[i] OR Out[i]",
    "accuracy": 1.0,
    "stored_as": "SPARC_D512_2_b4"
  },
  "bit5": {
    "gene": "RippleAdderCout[8]: carry_out(8)",
    "accuracy": 1.0,
    "stored_as": "SPARC_D512_2_b5"
  },
  "bit6": {
    "gene": "RippleAdderSumBit[5]: (a5 XOR b5) XOR carry_in(5)",
    "accuracy": 1.0,
    "stored_as": "SPARC_D512_2_b6"
  },
  "bit7": {
    "gene": "RippleAdderCout[8]: carry_out(8)",
    "accuracy": 1.0,
    "stored_as": "SPARC_D512_2_b7"
  }
}