{
  "bit0": {
    "gene": "(a0 XOR b1)",
    "accuracy": 1.0,
    "stored_as": "SPARC_D564_8_b0"
  },
  "bit1": {
    "gene": "RippleAdderCout[8]: carry_out(8)",
    "accuracy": 1.0,
    "stored_as": "SPARC_D564_8_b1"
  },
  "bit2": {
    "gene": "Out[i] = a6[i] OR Out[i]",
    "accuracy": 1.0,
    "stored_as": "SPARC_D564_8_b2"
  },
  "bit3": {
    "gene": "RippleAdderCout[8]: carry_out(8)",
    "accuracy": 1.0,
    "stored_as": "SPARC_D564_8_b3"
  },
  "bit4": {
    "gene": "RippleAdderSumBit[3]: (a3 XOR b3) XOR carry_in(3)",
    "accuracy": 1.0,
    "stored_as": "SPARC_D564_8_b4"
  },
  "bit5": {
    "gene": "(a0 OR b5)",
    "accuracy": 1.0,
    "stored_as": "SPARC_D564_8_b5"
  },
  "bit6": {
    "gene": "RippleAdderSumBit[7]: (a7 XOR b7) XOR carry_in(7)",
    "accuracy": 1.0,
    "stored_as": "SPARC_D564_8_b6"
  },
  "bit7": {
    "gene": "RippleAdderCout[8]: carry_out(8)",
    "accuracy": 1.0,
    "stored_as": "SPARC_D564_8_b7"
  }
}