{
  "bit0": {
    "gene": "(b3 AND (a6 XNOR b6))",
    "accuracy": 1.0,
    "stored_as": "SPARC_DDO161_b0"
  },
  "bit1": {
    "gene": "((a0 AND a2) XOR (a5 XOR b5))",
    "accuracy": 1.0,
    "stored_as": "SPARC_DDO161_b1"
  },
  "bit2": {
    "gene": "((a6 AND b7) XOR (a7 XOR b2))",
    "accuracy": 1.0,
    "stored_as": "SPARC_DDO161_b2"
  },
  "bit3": {
    "gene": "((a1 XOR a3) XOR (b5 XOR b7))",
    "accuracy": 1.0,
    "stored_as": "SPARC_DDO161_b3"
  },
  "bit4": {
    "gene": "((b3 AND NOT(b1)) OR (b1 AND b7))",
    "accuracy": 1.0,
    "stored_as": "SPARC_DDO161_b4"
  },
  "bit5": {
    "gene": "((a1 OR a4) XOR (b2 XOR b6))",
    "accuracy": 1.0,
    "stored_as": "SPARC_DDO161_b5"
  },
  "bit6": {
    "gene": "((a0 XOR a2) XOR (b0 AND b2))",
    "accuracy": 1.0,
    "stored_as": "SPARC_DDO161_b6"
  },
  "bit7": {
    "gene": "(b6 OR b7)",
    "accuracy": 1.0,
    "stored_as": "SPARC_DDO161_b7"
  }
}