{
  "bit0": {
    "gene": "(a6 XOR (a0 OR a1))",
    "accuracy": 1.0,
    "stored_as": "SPARC_DDO154_b0"
  },
  "bit1": {
    "gene": "(b1 XOR (a0 OR a2))",
    "accuracy": 1.0,
    "stored_as": "SPARC_DDO154_b1"
  },
  "bit2": {
    "gene": "(a1 XOR (a5 AND b1))",
    "accuracy": 1.0,
    "stored_as": "SPARC_DDO154_b2"
  },
  "bit3": {
    "gene": "(a0 XOR (a3 AND b3))",
    "accuracy": 1.0,
    "stored_as": "SPARC_DDO154_b3"
  },
  "bit4": {
    "gene": "(a0 XOR (b6 XOR b7))",
    "accuracy": 1.0,
    "stored_as": "SPARC_DDO154_b4"
  },
  "bit5": {
    "gene": "(a0 OR (a5 XOR b2))",
    "accuracy": 1.0,
    "stored_as": "SPARC_DDO154_b5"
  },
  "bit6": {
    "gene": "(a3 OR b5)",
    "accuracy": 1.0,
    "stored_as": "SPARC_DDO154_b6"
  },
  "bit7": {
    "gene": "(a5 OR b6)",
    "accuracy": 1.0,
    "stored_as": "SPARC_DDO154_b7"
  }
}