{
  "bit0": {
    "gene": "(a0 AND a3)",
    "accuracy": 1.0,
    "stored_as": "SPARC_DDO170_b0"
  },
  "bit1": {
    "gene": "(a0 OR b3)",
    "accuracy": 1.0,
    "stored_as": "SPARC_DDO170_b1"
  },
  "bit2": {
    "gene": "Out[i] = a1[i] OR Out[i]",
    "accuracy": 1.0,
    "stored_as": "SPARC_DDO170_b2"
  },
  "bit3": {
    "gene": "(a3 XOR a5)",
    "accuracy": 1.0,
    "stored_as": "SPARC_DDO170_b3"
  },
  "bit4": {
    "gene": "(a0 AND NOT(a6))",
    "accuracy": 1.0,
    "stored_as": "SPARC_DDO170_b4"
  },
  "bit5": {
    "gene": "RippleAdderSumBit[7]: (a7 XOR b7) XOR carry_in(7)",
    "accuracy": 1.0,
    "stored_as": "SPARC_DDO170_b5"
  },
  "bit6": {
    "gene": "Out[i] = a4[i] OR Out[i]",
    "accuracy": 1.0,
    "stored_as": "SPARC_DDO170_b6"
  },
  "bit7": {
    "gene": "Out[i] = a7[i] OR Out[i]",
    "accuracy": 1.0,
    "stored_as": "SPARC_DDO170_b7"
  }
}