{
  "bit0": {
    "gene": "(b6 XOR (a3 AND (b2 AND b5)))",
    "accuracy": 1.0,
    "stored_as": "SPARC_ESO079_G014_b0"
  },
  "bit1": {
    "gene": "((a0 XOR a6) AND (a1 XOR b0))",
    "accuracy": 1.0,
    "stored_as": "SPARC_ESO079_G014_b1"
  },
  "bit2": {
    "gene": "((a0 OR a1) AND (b0 XOR b3))",
    "accuracy": 1.0,
    "stored_as": "SPARC_ESO079_G014_b2"
  },
  "bit3": {
    "gene": "(b3 XOR (a0 AND a6))",
    "accuracy": 1.0,
    "stored_as": "SPARC_ESO079_G014_b3"
  },
  "bit4": {
    "gene": "(b5 OR (a1 XOR b4))",
    "accuracy": 1.0,
    "stored_as": "SPARC_ESO079_G014_b4"
  },
  "bit5": {
    "gene": "(a0 XOR (b3 OR b4))",
    "accuracy": 1.0,
    "stored_as": "SPARC_ESO079_G014_b5"
  },
  "bit6": {
    "gene": "(b7 OR (b3 AND b5))",
    "accuracy": 1.0,
    "stored_as": "SPARC_ESO079_G014_b6"
  },
  "bit7": {
    "gene": "(b6 OR b7)",
    "accuracy": 1.0,
    "stored_as": "SPARC_ESO079_G014_b7"
  }
}