{
  "bit0": {
    "gene": "((a2 OR b6) XOR (b0 XOR b3))",
    "accuracy": 1.0,
    "stored_as": "SPARC_ESO116_G012_b0"
  },
  "bit1": {
    "gene": "((a3 OR (a1 AND b7)) OR (b4 AND b5))",
    "accuracy": 1.0,
    "stored_as": "SPARC_ESO116_G012_b1"
  },
  "bit2": {
    "gene": "((a1 OR b3) XOR (a3 AND b5))",
    "accuracy": 1.0,
    "stored_as": "SPARC_ESO116_G012_b2"
  },
  "bit3": {
    "gene": "(a1 XOR (b6 OR b7))",
    "accuracy": 1.0,
    "stored_as": "SPARC_ESO116_G012_b3"
  },
  "bit4": {
    "gene": "((a0 OR NOT(b1)) AND (b1 OR b0))",
    "accuracy": 1.0,
    "stored_as": "SPARC_ESO116_G012_b4"
  },
  "bit5": {
    "gene": "(a0 OR (a3 AND a5))",
    "accuracy": 1.0,
    "stored_as": "SPARC_ESO116_G012_b5"
  },
  "bit6": {
    "gene": "(b7 OR (a0 XOR a2))",
    "accuracy": 1.0,
    "stored_as": "SPARC_ESO116_G012_b6"
  },
  "bit7": {
    "gene": "RippleAdderCout[8]: carry_out(8)",
    "accuracy": 1.0,
    "stored_as": "SPARC_ESO116_G012_b7"
  }
}