{
  "bit0": {
    "gene": "(a0 XOR a1)",
    "accuracy": 1.0,
    "stored_as": "SPARC_ESO444_G084_b0"
  },
  "bit1": {
    "gene": "(a1 AND NOT(b0))",
    "accuracy": 1.0,
    "stored_as": "SPARC_ESO444_G084_b1"
  },
  "bit2": {
    "gene": "(a1 XOR b6)",
    "accuracy": 1.0,
    "stored_as": "SPARC_ESO444_G084_b2"
  },
  "bit3": {
    "gene": "Out[i] = b7[i] OR Out[i]",
    "accuracy": 1.0,
    "stored_as": "SPARC_ESO444_G084_b3"
  },
  "bit4": {
    "gene": "Out[i] = b7[i] OR Out[i]",
    "accuracy": 1.0,
    "stored_as": "SPARC_ESO444_G084_b4"
  },
  "bit5": {
    "gene": "(b0 OR b5)",
    "accuracy": 1.0,
    "stored_as": "SPARC_ESO444_G084_b5"
  },
  "bit6": {
    "gene": "(a2 OR a3)",
    "accuracy": 1.0,
    "stored_as": "SPARC_ESO444_G084_b6"
  },
  "bit7": {
    "gene": "RippleAdderCout[8]: carry_out(8)",
    "accuracy": 1.0,
    "stored_as": "SPARC_ESO444_G084_b7"
  }
}