{
  "bit0": {
    "gene": "(a7 XOR (b2 OR b6))",
    "accuracy": 1.0,
    "stored_as": "SPARC_ESO563_G021_b0"
  },
  "bit1": {
    "gene": "(b6 XOR (a3 AND b5))",
    "accuracy": 1.0,
    "stored_as": "SPARC_ESO563_G021_b1"
  },
  "bit2": {
    "gene": "((a0 XOR a5) OR (a1 XOR b5))",
    "accuracy": 1.0,
    "stored_as": "SPARC_ESO563_G021_b2"
  },
  "bit3": {
    "gene": "(b6 XOR (a1 AND (a6 AND a7)))",
    "accuracy": 1.0,
    "stored_as": "SPARC_ESO563_G021_b3"
  },
  "bit4": {
    "gene": "(a2 OR (b1 OR b6))",
    "accuracy": 1.0,
    "stored_as": "SPARC_ESO563_G021_b4"
  },
  "bit5": {
    "gene": "((a0 AND a2) XOR (a6 OR b6))",
    "accuracy": 1.0,
    "stored_as": "SPARC_ESO563_G021_b5"
  },
  "bit6": {
    "gene": "(a1 OR a3)",
    "accuracy": 1.0,
    "stored_as": "SPARC_ESO563_G021_b6"
  },
  "bit7": {
    "gene": "Out[i] = a7[i] OR Out[i]",
    "accuracy": 1.0,
    "stored_as": "SPARC_ESO563_G021_b7"
  }
}