{
  "bit0": {
    "gene": "(((a1 XOR a5) XOR (b0 XOR b2)) XOR (a0 AND (a1 AND b7)))",
    "accuracy": 1.0,
    "stored_as": "SPARC_F563_1_b0"
  },
  "bit1": {
    "gene": "((a1 AND NOT(b1)) OR ((a1 XNOR b1) AND (a7 AND NOT(b6))))",
    "accuracy": 1.0,
    "stored_as": "SPARC_F563_1_b1"
  },
  "bit2": {
    "gene": "((a1 XOR a2) OR (a3 AND a7))",
    "accuracy": 1.0,
    "stored_as": "SPARC_F563_1_b2"
  },
  "bit3": {
    "gene": "((a1 XOR b3) XOR (a2 OR b6))",
    "accuracy": 1.0,
    "stored_as": "SPARC_F563_1_b3"
  },
  "bit4": {
    "gene": "(((a0 XOR b3) AND (a2 XOR a3)) OR (a0 AND (b0 AND b4)))",
    "accuracy": 1.0,
    "stored_as": "SPARC_F563_1_b4"
  },
  "bit5": {
    "gene": "((a2 XOR a4) XOR (b1 OR b7))",
    "accuracy": 1.0,
    "stored_as": "SPARC_F563_1_b5"
  },
  "bit6": {
    "gene": "(a7 OR (a1 XOR a2))",
    "accuracy": 1.0,
    "stored_as": "SPARC_F563_1_b6"
  },
  "bit7": {
    "gene": "(a4 OR a7)",
    "accuracy": 1.0,
    "stored_as": "SPARC_F563_1_b7"
  }
}