{
  "bit0": {
    "gene": "(a0 AND NOT(a1))",
    "accuracy": 1.0,
    "stored_as": "SPARC_F567_2_b0"
  },
  "bit1": {
    "gene": "RippleAdderSumBit[3]: (a3 XOR b3) XOR carry_in(3)",
    "accuracy": 1.0,
    "stored_as": "SPARC_F567_2_b1"
  },
  "bit2": {
    "gene": "RippleAdderCout[8]: carry_out(8)",
    "accuracy": 1.0,
    "stored_as": "SPARC_F567_2_b2"
  },
  "bit3": {
    "gene": "(NOT(a0) AND a1)",
    "accuracy": 1.0,
    "stored_as": "SPARC_F567_2_b3"
  },
  "bit4": {
    "gene": "Out[i] = a6[i] OR Out[i]",
    "accuracy": 1.0,
    "stored_as": "SPARC_F567_2_b4"
  },
  "bit5": {
    "gene": "RippleAdderSumBit[3]: (a3 XOR b3) XOR carry_in(3)",
    "accuracy": 1.0,
    "stored_as": "SPARC_F567_2_b5"
  },
  "bit6": {
    "gene": "RippleAdderSumBit[7]: (a7 XOR b7) XOR carry_in(7)",
    "accuracy": 1.0,
    "stored_as": "SPARC_F567_2_b6"
  },
  "bit7": {
    "gene": "RippleAdderSumBit[7]: (a7 XOR b7) XOR carry_in(7)",
    "accuracy": 1.0,
    "stored_as": "SPARC_F567_2_b7"
  }
}