{
  "bit0": {
    "gene": "((a1 XOR a6) AND (a3 OR a7))",
    "accuracy": 1.0,
    "stored_as": "SPARC_F568_3_b0"
  },
  "bit1": {
    "gene": "((a0 XOR (a4 AND a7)) OR (a1 AND (a3 AND b0)))",
    "accuracy": 1.0,
    "stored_as": "SPARC_F568_3_b1"
  },
  "bit2": {
    "gene": "(a2 XOR (a6 XNOR b0))",
    "accuracy": 0.9375,
    "stored_as": "SPARC_F568_3_b2"
  },
  "bit3": {
    "gene": "(((a0 XOR a1) XOR (a2 XOR b1)) XOR (b0 AND b3))",
    "accuracy": 1.0,
    "stored_as": "SPARC_F568_3_b3"
  },
  "bit4": {
    "gene": "((a5 XOR a6) XOR (b0 XOR b1))",
    "accuracy": 1.0,
    "stored_as": "SPARC_F568_3_b4"
  },
  "bit5": {
    "gene": "((a0 OR a5) XOR (a1 XOR a4))",
    "accuracy": 1.0,
    "stored_as": "SPARC_F568_3_b5"
  },
  "bit6": {
    "gene": "(a5 AND a6)",
    "accuracy": 1.0,
    "stored_as": "SPARC_F568_3_b6"
  },
  "bit7": {
    "gene": "Out[i] = a7[i] OR Out[i]",
    "accuracy": 1.0,
    "stored_as": "SPARC_F568_3_b7"
  }
}