{
  "bit0": {
    "gene": "(a3 XOR (a4 AND a6))",
    "accuracy": 1.0,
    "stored_as": "SPARC_F568_V1_b0"
  },
  "bit1": {
    "gene": "((a1 XOR a5) XOR (a6 XOR b2))",
    "accuracy": 1.0,
    "stored_as": "SPARC_F568_V1_b1"
  },
  "bit2": {
    "gene": "((a2 OR b1) AND (a4 XOR b5))",
    "accuracy": 1.0,
    "stored_as": "SPARC_F568_V1_b2"
  },
  "bit3": {
    "gene": "((b1 XOR (a0 AND a2)) XOR (a2 AND (a1 XOR a3)))",
    "accuracy": 1.0,
    "stored_as": "SPARC_F568_V1_b3"
  },
  "bit4": {
    "gene": "((a3 AND b6) XOR (a6 AND b5))",
    "accuracy": 1.0,
    "stored_as": "SPARC_F568_V1_b4"
  },
  "bit5": {
    "gene": "((a0 AND a5) XOR (a4 OR b7))",
    "accuracy": 1.0,
    "stored_as": "SPARC_F568_V1_b5"
  },
  "bit6": {
    "gene": "(a0 OR a6)",
    "accuracy": 1.0,
    "stored_as": "SPARC_F568_V1_b6"
  },
  "bit7": {
    "gene": "Out[i] = a7[i] OR Out[i]",
    "accuracy": 1.0,
    "stored_as": "SPARC_F568_V1_b7"
  }
}