{
  "bit0": {
    "gene": "((a0 OR b3) XOR (a5 AND a7))",
    "accuracy": 1.0,
    "stored_as": "SPARC_F574_1_b0"
  },
  "bit1": {
    "gene": "(a1 AND b2)",
    "accuracy": 1.0,
    "stored_as": "SPARC_F574_1_b1"
  },
  "bit2": {
    "gene": "(a1 OR (a0 AND a5))",
    "accuracy": 1.0,
    "stored_as": "SPARC_F574_1_b2"
  },
  "bit3": {
    "gene": "(a7 XOR (b0 AND b4))",
    "accuracy": 1.0,
    "stored_as": "SPARC_F574_1_b3"
  },
  "bit4": {
    "gene": "(a1 XOR (a3 XOR b5))",
    "accuracy": 1.0,
    "stored_as": "SPARC_F574_1_b4"
  },
  "bit5": {
    "gene": "(a5 XOR (a6 XOR b6))",
    "accuracy": 1.0,
    "stored_as": "SPARC_F574_1_b5"
  },
  "bit6": {
    "gene": "(a6 OR b6)",
    "accuracy": 1.0,
    "stored_as": "SPARC_F574_1_b6"
  },
  "bit7": {
    "gene": "Out[i] = a7[i] OR Out[i]",
    "accuracy": 1.0,
    "stored_as": "SPARC_F574_1_b7"
  }
}