{
  "bit0": {
    "gene": "(a1 AND NOT(a5))",
    "accuracy": 1.0,
    "stored_as": "SPARC_F574_2_b0"
  },
  "bit1": {
    "gene": "(a0 XOR a6)",
    "accuracy": 1.0,
    "stored_as": "SPARC_F574_2_b1"
  },
  "bit2": {
    "gene": "(a0 XOR a6)",
    "accuracy": 1.0,
    "stored_as": "SPARC_F574_2_b2"
  },
  "bit3": {
    "gene": "RippleAdderSumBit[7]: (a7 XOR b7) XOR carry_in(7)",
    "accuracy": 1.0,
    "stored_as": "SPARC_F574_2_b3"
  },
  "bit4": {
    "gene": "RippleAdderSumBit[7]: (a7 XOR b7) XOR carry_in(7)",
    "accuracy": 1.0,
    "stored_as": "SPARC_F574_2_b4"
  },
  "bit5": {
    "gene": "RippleAdderSumBit[4]: (a4 XOR b4) XOR carry_in(4)",
    "accuracy": 1.0,
    "stored_as": "SPARC_F574_2_b5"
  },
  "bit6": {
    "gene": "(a0 XOR a5)",
    "accuracy": 1.0,
    "stored_as": "SPARC_F574_2_b6"
  },
  "bit7": {
    "gene": "RippleAdderSumBit[3]: (a3 XOR b3) XOR carry_in(3)",
    "accuracy": 1.0,
    "stored_as": "SPARC_F574_2_b7"
  }
}