{
  "bit0": {
    "gene": "(b5 XOR (b4 AND b6))",
    "accuracy": 1.0,
    "stored_as": "SPARC_F583_4_b0"
  },
  "bit1": {
    "gene": "(b7 AND (b0 OR b5))",
    "accuracy": 1.0,
    "stored_as": "SPARC_F583_4_b1"
  },
  "bit2": {
    "gene": "((a3 AND b0) XOR (a6 AND b1))",
    "accuracy": 1.0,
    "stored_as": "SPARC_F583_4_b2"
  },
  "bit3": {
    "gene": "((a1 OR b1) XOR (a5 AND b0))",
    "accuracy": 1.0,
    "stored_as": "SPARC_F583_4_b3"
  },
  "bit4": {
    "gene": "(a2 XOR (a5 AND b4))",
    "accuracy": 1.0,
    "stored_as": "SPARC_F583_4_b4"
  },
  "bit5": {
    "gene": "(b0 OR (a1 XOR a3))",
    "accuracy": 1.0,
    "stored_as": "SPARC_F583_4_b5"
  },
  "bit6": {
    "gene": "(a1 XOR (b5 XOR b6))",
    "accuracy": 1.0,
    "stored_as": "SPARC_F583_4_b6"
  },
  "bit7": {
    "gene": "Out[i] = a5[i] OR Out[i]",
    "accuracy": 1.0,
    "stored_as": "SPARC_F583_4_b7"
  }
}