{
  "bit0": {
    "gene": "(a7 XOR (b0 OR b5))",
    "accuracy": 1.0,
    "stored_as": "SPARC_IC2574_b0"
  },
  "bit1": {
    "gene": "(a2 OR a3)",
    "accuracy": 1.0,
    "stored_as": "SPARC_IC2574_b1"
  },
  "bit2": {
    "gene": "(a0 XOR (a5 AND (a6 AND b5)))",
    "accuracy": 1.0,
    "stored_as": "SPARC_IC2574_b2"
  },
  "bit3": {
    "gene": "(b1 OR (a0 AND a5))",
    "accuracy": 1.0,
    "stored_as": "SPARC_IC2574_b3"
  },
  "bit4": {
    "gene": "((a1 AND b2) XOR (b1 XOR b4))",
    "accuracy": 1.0,
    "stored_as": "SPARC_IC2574_b4"
  },
  "bit5": {
    "gene": "(b4 XOR (a0 AND (a5 AND a7)))",
    "accuracy": 1.0,
    "stored_as": "SPARC_IC2574_b5"
  },
  "bit6": {
    "gene": "(a6 AND (a5 OR b5))",
    "accuracy": 1.0,
    "stored_as": "SPARC_IC2574_b6"
  },
  "bit7": {
    "gene": "Out[i] = a7[i] OR Out[i]",
    "accuracy": 1.0,
    "stored_as": "SPARC_IC2574_b7"
  }
}