{
  "bit0": {
    "gene": "((b0 XOR (b4 XOR b6)) OR (a0 AND (a2 XOR b2)))",
    "accuracy": 1.0,
    "stored_as": "SPARC_IC4202_b0"
  },
  "bit1": {
    "gene": "((a2 XOR (a5 AND b6)) XOR (a0 AND (a2 AND b4)))",
    "accuracy": 1.0,
    "stored_as": "SPARC_IC4202_b1"
  },
  "bit2": {
    "gene": "(b3 OR (a1 AND b4))",
    "accuracy": 1.0,
    "stored_as": "SPARC_IC4202_b2"
  },
  "bit3": {
    "gene": "((a1 XOR b1) OR (b5 XOR b6))",
    "accuracy": 1.0,
    "stored_as": "SPARC_IC4202_b3"
  },
  "bit4": {
    "gene": "(a1 OR (a3 OR a6))",
    "accuracy": 1.0,
    "stored_as": "SPARC_IC4202_b4"
  },
  "bit5": {
    "gene": "(a3 OR (b6 OR b7))",
    "accuracy": 1.0,
    "stored_as": "SPARC_IC4202_b5"
  },
  "bit6": {
    "gene": "(a5 OR b2)",
    "accuracy": 1.0,
    "stored_as": "SPARC_IC4202_b6"
  },
  "bit7": {
    "gene": "Out[i] = a7[i] OR Out[i]",
    "accuracy": 1.0,
    "stored_as": "SPARC_IC4202_b7"
  }
}