{
  "bit0": {
    "gene": "((a1 AND b1) XOR (b2 XOR b3))",
    "accuracy": 1.0,
    "stored_as": "SPARC_KK98_251_b0"
  },
  "bit1": {
    "gene": "((b5 OR (b0 XOR b6)) XOR (a2 AND (a6 AND b2)))",
    "accuracy": 1.0,
    "stored_as": "SPARC_KK98_251_b1"
  },
  "bit2": {
    "gene": "((a0 AND a3) OR (b2 XOR b6))",
    "accuracy": 1.0,
    "stored_as": "SPARC_KK98_251_b2"
  },
  "bit3": {
    "gene": "(b0 XOR (a3 OR b6))",
    "accuracy": 1.0,
    "stored_as": "SPARC_KK98_251_b3"
  },
  "bit4": {
    "gene": "((a4 AND a5) OR (b2 XOR b4))",
    "accuracy": 1.0,
    "stored_as": "SPARC_KK98_251_b4"
  },
  "bit5": {
    "gene": "((a3 OR b5) XOR (a6 XOR a7))",
    "accuracy": 1.0,
    "stored_as": "SPARC_KK98_251_b5"
  },
  "bit6": {
    "gene": "((a6 OR a7) AND (b3 OR b7))",
    "accuracy": 1.0,
    "stored_as": "SPARC_KK98_251_b6"
  },
  "bit7": {
    "gene": "(a7 AND (a4 OR a6))",
    "accuracy": 1.0,
    "stored_as": "SPARC_KK98_251_b7"
  }
}