{
  "bit0": {
    "gene": "(a3 XOR (a2 AND (b1 AND b2)))",
    "accuracy": 1.0,
    "stored_as": "SPARC_NGC0247_b0"
  },
  "bit1": {
    "gene": "((a0 XOR a1) XOR (b3 XOR b7))",
    "accuracy": 1.0,
    "stored_as": "SPARC_NGC0247_b1"
  },
  "bit2": {
    "gene": "((a4 XOR b0) OR (a7 XOR b5))",
    "accuracy": 1.0,
    "stored_as": "SPARC_NGC0247_b2"
  },
  "bit3": {
    "gene": "(b1 XOR (a4 AND a5))",
    "accuracy": 1.0,
    "stored_as": "SPARC_NGC0247_b3"
  },
  "bit4": {
    "gene": "(a1 AND (a5 OR b1))",
    "accuracy": 1.0,
    "stored_as": "SPARC_NGC0247_b4"
  },
  "bit5": {
    "gene": "(b1 OR (a0 XOR b6))",
    "accuracy": 1.0,
    "stored_as": "SPARC_NGC0247_b5"
  },
  "bit6": {
    "gene": "(b7 OR (a3 XOR b3))",
    "accuracy": 1.0,
    "stored_as": "SPARC_NGC0247_b6"
  },
  "bit7": {
    "gene": "(b0 OR b7)",
    "accuracy": 1.0,
    "stored_as": "SPARC_NGC0247_b7"
  }
}