{
  "bit0": {
    "gene": "(((a0 OR b2) AND (a7 XNOR b1)) OR (a4 AND (b0 AND b6)))",
    "accuracy": 1.0,
    "stored_as": "SPARC_NGC0055_b0"
  },
  "bit1": {
    "gene": "((b3 XOR (a4 AND a7)) XOR (a2 AND (a6 AND b0)))",
    "accuracy": 1.0,
    "stored_as": "SPARC_NGC0055_b1"
  },
  "bit2": {
    "gene": "((a0 XNOR b0) AND (a3 OR b4))",
    "accuracy": 1.0,
    "stored_as": "SPARC_NGC0055_b2"
  },
  "bit3": {
    "gene": "((a5 AND NOT(a1)) OR (a1 AND a6))",
    "accuracy": 1.0,
    "stored_as": "SPARC_NGC0055_b3"
  },
  "bit4": {
    "gene": "((a1 AND a4) XOR (a3 XOR b6))",
    "accuracy": 1.0,
    "stored_as": "SPARC_NGC0055_b4"
  },
  "bit5": {
    "gene": "(b7 OR (a1 AND a3))",
    "accuracy": 1.0,
    "stored_as": "SPARC_NGC0055_b5"
  },
  "bit6": {
    "gene": "(a6 AND (a4 OR b1))",
    "accuracy": 1.0,
    "stored_as": "SPARC_NGC0055_b6"
  },
  "bit7": {
    "gene": "Out[i] = a7[i] OR Out[i]",
    "accuracy": 1.0,
    "stored_as": "SPARC_NGC0055_b7"
  }
}