{
  "bit0": {
    "gene": "((a5 AND NOT(b6)) OR (b6 AND b7))",
    "accuracy": 1.0,
    "stored_as": "SPARC_NGC0891_b0"
  },
  "bit1": {
    "gene": "((a0 AND b6) XNOR (a2 OR b4))",
    "accuracy": 1.0,
    "stored_as": "SPARC_NGC0891_b1"
  },
  "bit2": {
    "gene": "((a7 XOR b5) XOR (b4 OR b7))",
    "accuracy": 1.0,
    "stored_as": "SPARC_NGC0891_b2"
  },
  "bit3": {
    "gene": "(a5 XNOR (b2 OR b7))",
    "accuracy": 1.0,
    "stored_as": "SPARC_NGC0891_b3"
  },
  "bit4": {
    "gene": "((a0 XNOR b7) OR (a1 XNOR b3))",
    "accuracy": 1.0,
    "stored_as": "SPARC_NGC0891_b4"
  },
  "bit5": {
    "gene": "((a7 AND NOT(b4)) OR (b4 AND b5))",
    "accuracy": 1.0,
    "stored_as": "SPARC_NGC0891_b5"
  },
  "bit6": {
    "gene": "((a5 XOR a6) XOR (b1 XNOR b4))",
    "accuracy": 1.0,
    "stored_as": "SPARC_NGC0891_b6"
  },
  "bit7": {
    "gene": "(a4 XOR (b0 XNOR b7))",
    "accuracy": 1.0,
    "stored_as": "SPARC_NGC0891_b7"
  }
}