{
  "bit0": {
    "gene": "((a1 OR a3) XOR (a5 XOR b7))",
    "accuracy": 1.0,
    "stored_as": "SPARC_NGC0289_b0"
  },
  "bit1": {
    "gene": "(a7 OR (a1 XOR b0))",
    "accuracy": 1.0,
    "stored_as": "SPARC_NGC0289_b1"
  },
  "bit2": {
    "gene": "((a2 OR a4) AND (a7 XOR b6))",
    "accuracy": 1.0,
    "stored_as": "SPARC_NGC0289_b2"
  },
  "bit3": {
    "gene": "(b6 XNOR (b0 AND b2))",
    "accuracy": 1.0,
    "stored_as": "SPARC_NGC0289_b3"
  },
  "bit4": {
    "gene": "(((a2 OR b2) XOR (a7 XNOR b7)) XOR (a2 AND (b0 AND b7)))",
    "accuracy": 1.0,
    "stored_as": "SPARC_NGC0289_b4"
  },
  "bit5": {
    "gene": "(b0 OR (a5 XOR b2))",
    "accuracy": 1.0,
    "stored_as": "SPARC_NGC0289_b5"
  },
  "bit6": {
    "gene": "((a0 XOR a3) AND (a1 XOR b2))",
    "accuracy": 1.0,
    "stored_as": "SPARC_NGC0289_b6"
  },
  "bit7": {
    "gene": "((a1 OR a4) AND (a5 OR a7))",
    "accuracy": 1.0,
    "stored_as": "SPARC_NGC0289_b7"
  }
}