{
  "bit0": {
    "gene": "(((a0 AND a3) XOR (b2 XOR b5)) XOR (a1 AND (a0 XOR b3)))",
    "accuracy": 1.0,
    "stored_as": "SPARC_NGC1090_b0"
  },
  "bit1": {
    "gene": "(((a3 AND NOT(a5)) OR (a5 AND a6)) XOR (a1 AND (a3 AND b1)))",
    "accuracy": 1.0,
    "stored_as": "SPARC_NGC1090_b1"
  },
  "bit2": {
    "gene": "((a2 XOR a6) XOR (b1 AND b6))",
    "accuracy": 1.0,
    "stored_as": "SPARC_NGC1090_b2"
  },
  "bit3": {
    "gene": "(a0 OR (a1 AND a7))",
    "accuracy": 1.0,
    "stored_as": "SPARC_NGC1090_b3"
  },
  "bit4": {
    "gene": "((a1 AND a3) XOR (a4 AND b0))",
    "accuracy": 1.0,
    "stored_as": "SPARC_NGC1090_b4"
  },
  "bit5": {
    "gene": "(a0 OR (b0 OR b7))",
    "accuracy": 1.0,
    "stored_as": "SPARC_NGC1090_b5"
  },
  "bit6": {
    "gene": "(a4 OR a5)",
    "accuracy": 1.0,
    "stored_as": "SPARC_NGC1090_b6"
  },
  "bit7": {
    "gene": "Out[i] = a7[i] OR Out[i]",
    "accuracy": 1.0,
    "stored_as": "SPARC_NGC1090_b7"
  }
}