{
  "bit0": {
    "gene": "((a0 XOR (b1 AND b4)) OR (a1 AND (a3 XOR a4)))",
    "accuracy": 1.0,
    "stored_as": "SPARC_NGC2366_b0"
  },
  "bit1": {
    "gene": "((a1 AND b3) OR (a2 XOR b4))",
    "accuracy": 1.0,
    "stored_as": "SPARC_NGC2366_b1"
  },
  "bit2": {
    "gene": "((b0 OR b3) AND (b5 OR b6))",
    "accuracy": 1.0,
    "stored_as": "SPARC_NGC2366_b2"
  },
  "bit3": {
    "gene": "((a0 XOR (a4 XOR b2)) OR (a0 AND (a1 AND b5)))",
    "accuracy": 1.0,
    "stored_as": "SPARC_NGC2366_b3"
  },
  "bit4": {
    "gene": "(b0 OR (a0 XOR a4))",
    "accuracy": 1.0,
    "stored_as": "SPARC_NGC2366_b4"
  },
  "bit5": {
    "gene": "(b7 OR (a1 XOR b4))",
    "accuracy": 1.0,
    "stored_as": "SPARC_NGC2366_b5"
  },
  "bit6": {
    "gene": "(b7 OR (a1 XOR b5))",
    "accuracy": 1.0,
    "stored_as": "SPARC_NGC2366_b6"
  },
  "bit7": {
    "gene": "(a5 OR (a1 AND a2))",
    "accuracy": 1.0,
    "stored_as": "SPARC_NGC2366_b7"
  }
}