{
  "bit0": {
    "gene": "(b4 XOR (a5 AND (a6 AND b2)))",
    "accuracy": 1.0,
    "stored_as": "SPARC_NGC2403_b0"
  },
  "bit1": {
    "gene": "((a3 OR a4) XOR (b1 AND b4))",
    "accuracy": 1.0,
    "stored_as": "SPARC_NGC2403_b1"
  },
  "bit2": {
    "gene": "((a1 XOR b3) XOR (b5 XOR b6))",
    "accuracy": 1.0,
    "stored_as": "SPARC_NGC2403_b2"
  },
  "bit3": {
    "gene": "((a0 AND a6) XOR (a2 OR b1))",
    "accuracy": 1.0,
    "stored_as": "SPARC_NGC2403_b3"
  },
  "bit4": {
    "gene": "((a1 XOR a3) XOR (b5 OR b6))",
    "accuracy": 1.0,
    "stored_as": "SPARC_NGC2403_b4"
  },
  "bit5": {
    "gene": "((a0 AND a6) XOR (a2 OR b1))",
    "accuracy": 1.0,
    "stored_as": "SPARC_NGC2403_b5"
  },
  "bit6": {
    "gene": "(a2 XOR (b0 AND (b2 AND b3)))",
    "accuracy": 1.0,
    "stored_as": "SPARC_NGC2403_b6"
  },
  "bit7": {
    "gene": "(b7 OR (a4 AND a7))",
    "accuracy": 1.0,
    "stored_as": "SPARC_NGC2403_b7"
  }
}