{
  "bit0": {
    "gene": "(a7 XOR (a6 OR b7))",
    "accuracy": 1.0,
    "stored_as": "SPARC_NGC2998_b0"
  },
  "bit1": {
    "gene": "((a0 OR a6) XOR (b4 XOR b7))",
    "accuracy": 1.0,
    "stored_as": "SPARC_NGC2998_b1"
  },
  "bit2": {
    "gene": "(a0 OR (a4 XOR b1))",
    "accuracy": 1.0,
    "stored_as": "SPARC_NGC2998_b2"
  },
  "bit3": {
    "gene": "(a7 XOR (a1 AND b4))",
    "accuracy": 1.0,
    "stored_as": "SPARC_NGC2998_b3"
  },
  "bit4": {
    "gene": "(a1 XOR (a7 XOR b1))",
    "accuracy": 1.0,
    "stored_as": "SPARC_NGC2998_b4"
  },
  "bit5": {
    "gene": "(a3 OR a7)",
    "accuracy": 1.0,
    "stored_as": "SPARC_NGC2998_b5"
  },
  "bit6": {
    "gene": "(a6 OR b7)",
    "accuracy": 1.0,
    "stored_as": "SPARC_NGC2998_b6"
  },
  "bit7": {
    "gene": "Out[i] = a7[i] OR Out[i]",
    "accuracy": 1.0,
    "stored_as": "SPARC_NGC2998_b7"
  }
}