{
  "bit0": {
    "gene": "((a2 OR a3) XOR (b3 XOR b4))",
    "accuracy": 1.0,
    "stored_as": "SPARC_NGC3521_b0"
  },
  "bit1": {
    "gene": "(a6 XNOR (a5 OR b6))",
    "accuracy": 1.0,
    "stored_as": "SPARC_NGC3521_b1"
  },
  "bit2": {
    "gene": "((a3 OR (a4 XNOR b3)) XOR (a0 AND (a1 AND a3)))",
    "accuracy": 1.0,
    "stored_as": "SPARC_NGC3521_b2"
  },
  "bit3": {
    "gene": "((a1 AND (a3 OR b0)) OR (a0 AND b1))",
    "accuracy": 1.0,
    "stored_as": "SPARC_NGC3521_b3"
  },
  "bit4": {
    "gene": "((a1 OR b5) XNOR (b1 OR b4))",
    "accuracy": 1.0,
    "stored_as": "SPARC_NGC3521_b4"
  },
  "bit5": {
    "gene": "(a5 OR b0)",
    "accuracy": 1.0,
    "stored_as": "SPARC_NGC3521_b5"
  },
  "bit6": {
    "gene": "(a2 OR (b1 OR b5))",
    "accuracy": 1.0,
    "stored_as": "SPARC_NGC3521_b6"
  },
  "bit7": {
    "gene": "(a3 OR (a1 XNOR a7))",
    "accuracy": 1.0,
    "stored_as": "SPARC_NGC3521_b7"
  }
}