{
  "bit0": {
    "gene": "((a0 AND NOT(a2)) OR ((a0 XNOR a2) AND (b0 AND NOT(b7))))",
    "accuracy": 1.0,
    "stored_as": "SPARC_NGC3917_b0"
  },
  "bit1": {
    "gene": "(b4 XOR (a2 AND (a5 AND b6)))",
    "accuracy": 1.0,
    "stored_as": "SPARC_NGC3917_b1"
  },
  "bit2": {
    "gene": "((a0 OR a2) XOR (a3 AND b5))",
    "accuracy": 1.0,
    "stored_as": "SPARC_NGC3917_b2"
  },
  "bit3": {
    "gene": "Out[i] = b1[i] OR Out[i]",
    "accuracy": 1.0,
    "stored_as": "SPARC_NGC3917_b3"
  },
  "bit4": {
    "gene": "(b7 OR (a3 AND a5))",
    "accuracy": 1.0,
    "stored_as": "SPARC_NGC3917_b4"
  },
  "bit5": {
    "gene": "(a4 OR (a6 XOR b0))",
    "accuracy": 1.0,
    "stored_as": "SPARC_NGC3917_b5"
  },
  "bit6": {
    "gene": "Out[i] = a6[i] OR Out[i]",
    "accuracy": 1.0,
    "stored_as": "SPARC_NGC3917_b6"
  },
  "bit7": {
    "gene": "Out[i] = a7[i] OR Out[i]",
    "accuracy": 1.0,
    "stored_as": "SPARC_NGC3917_b7"
  }
}