{
  "bit0": {
    "gene": "(a5 OR (b6 XOR b7))",
    "accuracy": 1.0,
    "stored_as": "SPARC_NGC3198_b0"
  },
  "bit1": {
    "gene": "((a0 OR b3) AND (b0 XOR b2))",
    "accuracy": 1.0,
    "stored_as": "SPARC_NGC3198_b1"
  },
  "bit2": {
    "gene": "((a4 XOR b1) XOR (a6 OR b3))",
    "accuracy": 1.0,
    "stored_as": "SPARC_NGC3198_b2"
  },
  "bit3": {
    "gene": "(a3 XOR (a4 OR b6))",
    "accuracy": 1.0,
    "stored_as": "SPARC_NGC3198_b3"
  },
  "bit4": {
    "gene": "(b4 AND (a2 OR a5))",
    "accuracy": 1.0,
    "stored_as": "SPARC_NGC3198_b4"
  },
  "bit5": {
    "gene": "((a2 OR (a1 XOR a6)) XOR (a3 AND (a7 AND b4)))",
    "accuracy": 1.0,
    "stored_as": "SPARC_NGC3198_b5"
  },
  "bit6": {
    "gene": "(a2 OR (a0 XOR b3))",
    "accuracy": 1.0,
    "stored_as": "SPARC_NGC3198_b6"
  },
  "bit7": {
    "gene": "(a0 OR (a2 OR b4))",
    "accuracy": 1.0,
    "stored_as": "SPARC_NGC3198_b7"
  }
}