{
  "bit0": {
    "gene": "(((a0 AND a1) XOR (a5 XOR a6)) OR (b6 AND (a5 XOR b7)))",
    "accuracy": 1.0,
    "stored_as": "SPARC_NGC3109_b0"
  },
  "bit1": {
    "gene": "((a0 XOR a2) XOR (a4 XOR b6))",
    "accuracy": 1.0,
    "stored_as": "SPARC_NGC3109_b1"
  },
  "bit2": {
    "gene": "(((a0 XOR a2) XOR (b2 OR b6)) OR (b1 AND b7))",
    "accuracy": 1.0,
    "stored_as": "SPARC_NGC3109_b2"
  },
  "bit3": {
    "gene": "((a5 AND b3) XOR (a7 XOR b6))",
    "accuracy": 1.0,
    "stored_as": "SPARC_NGC3109_b3"
  },
  "bit4": {
    "gene": "((a0 XOR a5) OR (b0 XOR b6))",
    "accuracy": 1.0,
    "stored_as": "SPARC_NGC3109_b4"
  },
  "bit5": {
    "gene": "((a4 AND a6) XOR (a5 XOR b7))",
    "accuracy": 1.0,
    "stored_as": "SPARC_NGC3109_b5"
  },
  "bit6": {
    "gene": "(a5 AND (a0 OR b7))",
    "accuracy": 1.0,
    "stored_as": "SPARC_NGC3109_b6"
  },
  "bit7": {
    "gene": "RippleAdderCout[8]: carry_out(8)",
    "accuracy": 1.0,
    "stored_as": "SPARC_NGC3109_b7"
  }
}