{
  "bit0": {
    "gene": "(b1 AND NOT(b6))",
    "accuracy": 1.0,
    "stored_as": "SPARC_NGC3972_b0"
  },
  "bit1": {
    "gene": "(a5 XOR b7)",
    "accuracy": 1.0,
    "stored_as": "SPARC_NGC3972_b1"
  },
  "bit2": {
    "gene": "(a0 XOR (a1 XOR b1))",
    "accuracy": 1.0,
    "stored_as": "SPARC_NGC3972_b2"
  },
  "bit3": {
    "gene": "(a0 XOR (a7 AND b2))",
    "accuracy": 1.0,
    "stored_as": "SPARC_NGC3972_b3"
  },
  "bit4": {
    "gene": "(a0 OR (a1 XOR a2))",
    "accuracy": 1.0,
    "stored_as": "SPARC_NGC3972_b4"
  },
  "bit5": {
    "gene": "(b0 XOR b7)",
    "accuracy": 1.0,
    "stored_as": "SPARC_NGC3972_b5"
  },
  "bit6": {
    "gene": "(a1 XOR (a6 AND b4))",
    "accuracy": 1.0,
    "stored_as": "SPARC_NGC3972_b6"
  },
  "bit7": {
    "gene": "(a3 OR a6)",
    "accuracy": 1.0,
    "stored_as": "SPARC_NGC3972_b7"
  }
}