{
  "bit0": {
    "gene": "(a0 AND (a1 XNOR a6))",
    "accuracy": 1.0,
    "stored_as": "SPARC_NGC3769_b0"
  },
  "bit1": {
    "gene": "(a1 OR (b2 XOR b5))",
    "accuracy": 1.0,
    "stored_as": "SPARC_NGC3769_b1"
  },
  "bit2": {
    "gene": "(a3 XOR (a6 XOR b0))",
    "accuracy": 1.0,
    "stored_as": "SPARC_NGC3769_b2"
  },
  "bit3": {
    "gene": "(a0 OR (a1 XNOR a2))",
    "accuracy": 1.0,
    "stored_as": "SPARC_NGC3769_b3"
  },
  "bit4": {
    "gene": "((a0 XOR a3) XNOR (a5 OR b5))",
    "accuracy": 1.0,
    "stored_as": "SPARC_NGC3769_b4"
  },
  "bit5": {
    "gene": "(a2 XNOR (a6 AND b3))",
    "accuracy": 1.0,
    "stored_as": "SPARC_NGC3769_b5"
  },
  "bit6": {
    "gene": "(a5 OR (a2 XOR a4))",
    "accuracy": 1.0,
    "stored_as": "SPARC_NGC3769_b6"
  },
  "bit7": {
    "gene": "(a0 OR (b4 OR b5))",
    "accuracy": 1.0,
    "stored_as": "SPARC_NGC3769_b7"
  }
}