{
  "bit0": {
    "gene": "(b1 XOR b5)",
    "accuracy": 1.0,
    "stored_as": "SPARC_NGC3893_b0"
  },
  "bit1": {
    "gene": "(b1 OR (a4 XNOR a5))",
    "accuracy": 1.0,
    "stored_as": "SPARC_NGC3893_b1"
  },
  "bit2": {
    "gene": "(a2 OR (a3 AND a4))",
    "accuracy": 1.0,
    "stored_as": "SPARC_NGC3893_b2"
  },
  "bit3": {
    "gene": "(a2 OR (a6 AND b2))",
    "accuracy": 1.0,
    "stored_as": "SPARC_NGC3893_b3"
  },
  "bit4": {
    "gene": "(a3 OR b1)",
    "accuracy": 1.0,
    "stored_as": "SPARC_NGC3893_b4"
  },
  "bit5": {
    "gene": "(b6 XOR (a3 AND b5))",
    "accuracy": 1.0,
    "stored_as": "SPARC_NGC3893_b5"
  },
  "bit6": {
    "gene": "(a0 XOR b1)",
    "accuracy": 1.0,
    "stored_as": "SPARC_NGC3893_b6"
  },
  "bit7": {
    "gene": "(a0 OR (a1 OR a4))",
    "accuracy": 1.0,
    "stored_as": "SPARC_NGC3893_b7"
  }
}