{
  "bit0": {
    "gene": "RippleAdderSumBit[7]: (a7 XOR b7) XOR carry_in(7)",
    "accuracy": 1.0,
    "stored_as": "SPARC_NGC3949_b0"
  },
  "bit1": {
    "gene": "Out[i] = b1[i] OR Out[i]",
    "accuracy": 1.0,
    "stored_as": "SPARC_NGC3949_b1"
  },
  "bit2": {
    "gene": "RippleAdderSumBit[3]: (a3 XOR b3) XOR carry_in(3)",
    "accuracy": 1.0,
    "stored_as": "SPARC_NGC3949_b2"
  },
  "bit3": {
    "gene": "(a0 OR b3)",
    "accuracy": 1.0,
    "stored_as": "SPARC_NGC3949_b3"
  },
  "bit4": {
    "gene": "Out[i] = b5[i] OR Out[i]",
    "accuracy": 1.0,
    "stored_as": "SPARC_NGC3949_b4"
  },
  "bit5": {
    "gene": "(a2 OR b3)",
    "accuracy": 1.0,
    "stored_as": "SPARC_NGC3949_b5"
  },
  "bit6": {
    "gene": "(a0 XOR b5)",
    "accuracy": 1.0,
    "stored_as": "SPARC_NGC3949_b6"
  },
  "bit7": {
    "gene": "RippleAdderCout[8]: carry_out(8)",
    "accuracy": 1.0,
    "stored_as": "SPARC_NGC3949_b7"
  }
}