{
  "bit0": {
    "gene": "(a0 OR (a2 XOR a7))",
    "accuracy": 1.0,
    "stored_as": "SPARC_NGC4010_b0"
  },
  "bit1": {
    "gene": "(a6 XOR (b3 XOR b7))",
    "accuracy": 1.0,
    "stored_as": "SPARC_NGC4010_b1"
  },
  "bit2": {
    "gene": "(b1 XOR (b2 OR b5))",
    "accuracy": 1.0,
    "stored_as": "SPARC_NGC4010_b2"
  },
  "bit3": {
    "gene": "(a3 XOR (a7 AND (b1 AND b2)))",
    "accuracy": 1.0,
    "stored_as": "SPARC_NGC4010_b3"
  },
  "bit4": {
    "gene": "(a6 XOR (b1 AND b4))",
    "accuracy": 1.0,
    "stored_as": "SPARC_NGC4010_b4"
  },
  "bit5": {
    "gene": "(a3 XOR (a7 AND (b2 AND b4)))",
    "accuracy": 1.0,
    "stored_as": "SPARC_NGC4010_b5"
  },
  "bit6": {
    "gene": "(a4 XOR (b5 AND b6))",
    "accuracy": 1.0,
    "stored_as": "SPARC_NGC4010_b6"
  },
  "bit7": {
    "gene": "(a5 XOR (a6 XOR a7))",
    "accuracy": 1.0,
    "stored_as": "SPARC_NGC4010_b7"
  }
}