{
  "bit0": {
    "gene": "(a1 AND NOT(a3))",
    "accuracy": 1.0,
    "stored_as": "SPARC_NGC4085_b0"
  },
  "bit1": {
    "gene": "RippleAdderSumBit[5]: (a5 XOR b5) XOR carry_in(5)",
    "accuracy": 1.0,
    "stored_as": "SPARC_NGC4085_b1"
  },
  "bit2": {
    "gene": "Out[i] = a7[i] OR Out[i]",
    "accuracy": 1.0,
    "stored_as": "SPARC_NGC4085_b2"
  },
  "bit3": {
    "gene": "(NOT(a0) AND a1)",
    "accuracy": 1.0,
    "stored_as": "SPARC_NGC4085_b3"
  },
  "bit4": {
    "gene": "RippleAdderSumBit[2]: (a2 XOR b2) XOR carry_in(2)",
    "accuracy": 1.0,
    "stored_as": "SPARC_NGC4085_b4"
  },
  "bit5": {
    "gene": "Out[i] = a7[i] OR Out[i]",
    "accuracy": 1.0,
    "stored_as": "SPARC_NGC4085_b5"
  },
  "bit6": {
    "gene": "RippleAdderSumBit[5]: (a5 XOR b5) XOR carry_in(5)",
    "accuracy": 1.0,
    "stored_as": "SPARC_NGC4085_b6"
  },
  "bit7": {
    "gene": "RippleAdderCout[8]: carry_out(8)",
    "accuracy": 1.0,
    "stored_as": "SPARC_NGC4085_b7"
  }
}