{
  "bit0": {
    "gene": "RippleAdderSumBit[0]: (a0 XOR b0) XOR carry_in(0)",
    "accuracy": 1.0,
    "stored_as": "SPARC_NGC4389_b0"
  },
  "bit1": {
    "gene": "RippleAdderSumBit[7]: (a7 XOR b7) XOR carry_in(7)",
    "accuracy": 1.0,
    "stored_as": "SPARC_NGC4389_b1"
  },
  "bit2": {
    "gene": "Out[i] = b4[i] OR Out[i]",
    "accuracy": 1.0,
    "stored_as": "SPARC_NGC4389_b2"
  },
  "bit3": {
    "gene": "Out[i] = b4[i] OR Out[i]",
    "accuracy": 1.0,
    "stored_as": "SPARC_NGC4389_b3"
  },
  "bit4": {
    "gene": "RippleAdderSumBit[1]: (a1 XOR b1) XOR carry_in(1)",
    "accuracy": 1.0,
    "stored_as": "SPARC_NGC4389_b4"
  },
  "bit5": {
    "gene": "Out[i] = b1[i] OR Out[i]",
    "accuracy": 1.0,
    "stored_as": "SPARC_NGC4389_b5"
  },
  "bit6": {
    "gene": "RippleAdderSumBit[7]: (a7 XOR b7) XOR carry_in(7)",
    "accuracy": 1.0,
    "stored_as": "SPARC_NGC4389_b6"
  },
  "bit7": {
    "gene": "RippleAdderCout[8]: carry_out(8)",
    "accuracy": 1.0,
    "stored_as": "SPARC_NGC4389_b7"
  }
}