{
  "bit0": {
    "gene": "(a1 AND (a3 XNOR b1))",
    "accuracy": 1.0,
    "stored_as": "SPARC_NGC4088_b0"
  },
  "bit1": {
    "gene": "(a0 OR a6)",
    "accuracy": 1.0,
    "stored_as": "SPARC_NGC4088_b1"
  },
  "bit2": {
    "gene": "(a6 AND (a5 XOR b4))",
    "accuracy": 1.0,
    "stored_as": "SPARC_NGC4088_b2"
  },
  "bit3": {
    "gene": "(a0 XOR b2)",
    "accuracy": 1.0,
    "stored_as": "SPARC_NGC4088_b3"
  },
  "bit4": {
    "gene": "(b6 XOR (b5 AND b7))",
    "accuracy": 1.0,
    "stored_as": "SPARC_NGC4088_b4"
  },
  "bit5": {
    "gene": "(a3 XOR (a4 XOR a6))",
    "accuracy": 1.0,
    "stored_as": "SPARC_NGC4088_b5"
  },
  "bit6": {
    "gene": "(a1 OR a3)",
    "accuracy": 1.0,
    "stored_as": "SPARC_NGC4088_b6"
  },
  "bit7": {
    "gene": "(a1 OR b4)",
    "accuracy": 1.0,
    "stored_as": "SPARC_NGC4088_b7"
  }
}