{
  "bit0": {
    "gene": "((a3 XOR b5) AND (a4 XNOR b3))",
    "accuracy": 1.0,
    "stored_as": "SPARC_NGC4100_b0"
  },
  "bit1": {
    "gene": "((b0 XOR (a3 AND b6)) XOR (a0 AND (a4 AND b7)))",
    "accuracy": 1.0,
    "stored_as": "SPARC_NGC4100_b1"
  },
  "bit2": {
    "gene": "((a0 OR a7) XOR (b2 XNOR b6))",
    "accuracy": 1.0,
    "stored_as": "SPARC_NGC4100_b2"
  },
  "bit3": {
    "gene": "(a6 XNOR (a0 OR b6))",
    "accuracy": 1.0,
    "stored_as": "SPARC_NGC4100_b3"
  },
  "bit4": {
    "gene": "(b0 XOR (a2 AND b6))",
    "accuracy": 1.0,
    "stored_as": "SPARC_NGC4100_b4"
  },
  "bit5": {
    "gene": "((a7 XOR (a2 AND (b0 AND b5))) OR (a0 AND b4))",
    "accuracy": 1.0,
    "stored_as": "SPARC_NGC4100_b5"
  },
  "bit6": {
    "gene": "(a7 OR (a3 AND a5))",
    "accuracy": 1.0,
    "stored_as": "SPARC_NGC4100_b6"
  },
  "bit7": {
    "gene": "(a7 XOR b7)",
    "accuracy": 1.0,
    "stored_as": "SPARC_NGC4100_b7"
  }
}