{
  "bit0": {
    "gene": "((a6 XOR (b0 XOR b6)) OR (a0 AND (a2 AND a5)))",
    "accuracy": 1.0,
    "stored_as": "SPARC_NGC4157_b0"
  },
  "bit1": {
    "gene": "(((a0 OR a1) XOR (b4 XNOR b6)) XOR (b1 XOR (a6 OR b2)))",
    "accuracy": 1.0,
    "stored_as": "SPARC_NGC4157_b1"
  },
  "bit2": {
    "gene": "((a2 XNOR (a5 AND b0)) OR (a0 AND (a4 AND b5)))",
    "accuracy": 1.0,
    "stored_as": "SPARC_NGC4157_b2"
  },
  "bit3": {
    "gene": "(((a0 XOR a4) OR (a2 XOR a3)) XOR (a4 AND (a5 AND b7)))",
    "accuracy": 1.0,
    "stored_as": "SPARC_NGC4157_b3"
  },
  "bit4": {
    "gene": "((b7 OR (a4 XNOR a5)) XOR (a0 AND (a1 AND b4)))",
    "accuracy": 1.0,
    "stored_as": "SPARC_NGC4157_b4"
  },
  "bit5": {
    "gene": "RippleAdderCout[8]: carry_out(8)",
    "accuracy": 1.0,
    "stored_as": "SPARC_NGC4157_b5"
  },
  "bit6": {
    "gene": "(NOT(a0) OR b0)",
    "accuracy": 1.0,
    "stored_as": "SPARC_NGC4157_b6"
  },
  "bit7": {
    "gene": "(NOT(a1) OR b0)",
    "accuracy": 1.0,
    "stored_as": "SPARC_NGC4157_b7"
  }
}