{
  "bit0": {
    "gene": "DivQuotBit[8]: Q1",
    "accuracy": 1.0,
    "stored_as": "SPARC_NGC4068_b0"
  },
  "bit1": {
    "gene": "Out[i] = a3[i] OR Out[i]",
    "accuracy": 1.0,
    "stored_as": "SPARC_NGC4068_b1"
  },
  "bit2": {
    "gene": "(a0 XOR b3)",
    "accuracy": 1.0,
    "stored_as": "SPARC_NGC4068_b2"
  },
  "bit3": {
    "gene": "Out[i] = b1[i] OR Out[i]",
    "accuracy": 1.0,
    "stored_as": "SPARC_NGC4068_b3"
  },
  "bit4": {
    "gene": "(a0 XOR a5)",
    "accuracy": 1.0,
    "stored_as": "SPARC_NGC4068_b4"
  },
  "bit5": {
    "gene": "(a0 XOR b1)",
    "accuracy": 1.0,
    "stored_as": "SPARC_NGC4068_b5"
  },
  "bit6": {
    "gene": "Out[i] = a3[i] OR Out[i]",
    "accuracy": 1.0,
    "stored_as": "SPARC_NGC4068_b6"
  },
  "bit7": {
    "gene": "RippleAdderSumBit[6]: (a6 XOR b6) XOR carry_in(6)",
    "accuracy": 1.0,
    "stored_as": "SPARC_NGC4068_b7"
  }
}