{
  "bit0": {
    "gene": "(a6 XOR (b1 XOR b6))",
    "accuracy": 1.0,
    "stored_as": "SPARC_NGC4214_b0"
  },
  "bit1": {
    "gene": "(NOT(a4) AND b1)",
    "accuracy": 1.0,
    "stored_as": "SPARC_NGC4214_b1"
  },
  "bit2": {
    "gene": "(a6 XOR (a4 OR b3))",
    "accuracy": 1.0,
    "stored_as": "SPARC_NGC4214_b2"
  },
  "bit3": {
    "gene": "(b4 OR (a3 XOR a4))",
    "accuracy": 1.0,
    "stored_as": "SPARC_NGC4214_b3"
  },
  "bit4": {
    "gene": "(a2 OR b2)",
    "accuracy": 1.0,
    "stored_as": "SPARC_NGC4214_b4"
  },
  "bit5": {
    "gene": "((a0 AND a2) XOR (a4 OR a5))",
    "accuracy": 1.0,
    "stored_as": "SPARC_NGC4214_b5"
  },
  "bit6": {
    "gene": "(a1 OR (a5 XOR b3))",
    "accuracy": 1.0,
    "stored_as": "SPARC_NGC4214_b6"
  },
  "bit7": {
    "gene": "(a0 OR b7)",
    "accuracy": 1.0,
    "stored_as": "SPARC_NGC4214_b7"
  }
}