{
  "bit0": {
    "gene": "(a5 XOR b3)",
    "accuracy": 1.0,
    "stored_as": "SPARC_NGC4138_b0"
  },
  "bit1": {
    "gene": "(a7 XOR NOT(b3))",
    "accuracy": 1.0,
    "stored_as": "SPARC_NGC4138_b1"
  },
  "bit2": {
    "gene": "Out[i] = a3[i] OR Out[i]",
    "accuracy": 0.8571428571428571,
    "stored_as": "SPARC_NGC4138_b2"
  },
  "bit3": {
    "gene": "RippleAdderSumBit[5]: (a5 XOR b5) XOR carry_in(5)",
    "accuracy": 1.0,
    "stored_as": "SPARC_NGC4138_b3"
  },
  "bit4": {
    "gene": "(a4 XOR NOT(b0))",
    "accuracy": 1.0,
    "stored_as": "SPARC_NGC4138_b4"
  },
  "bit5": {
    "gene": "NOT(b7)",
    "accuracy": 1.0,
    "stored_as": "SPARC_NGC4138_b5"
  },
  "bit6": {
    "gene": "(a2 XOR NOT(b1))",
    "accuracy": 1.0,
    "stored_as": "SPARC_NGC4138_b6"
  },
  "bit7": {
    "gene": "NOT(b7)",
    "accuracy": 1.0,
    "stored_as": "SPARC_NGC4138_b7"
  }
}