{
  "bit0": {
    "gene": "(a1 XOR (a4 XOR a5))",
    "accuracy": 1.0,
    "stored_as": "SPARC_NGC5033_b0"
  },
  "bit1": {
    "gene": "(a1 XOR (a3 XNOR a6))",
    "accuracy": 1.0,
    "stored_as": "SPARC_NGC5033_b1"
  },
  "bit2": {
    "gene": "(((a0 OR b3) XOR (a5 OR b0)) OR (a0 AND a7))",
    "accuracy": 1.0,
    "stored_as": "SPARC_NGC5033_b2"
  },
  "bit3": {
    "gene": "((a3 OR a5) XOR (b4 OR b7))",
    "accuracy": 1.0,
    "stored_as": "SPARC_NGC5033_b3"
  },
  "bit4": {
    "gene": "((a0 OR b7) XNOR (a7 OR b3))",
    "accuracy": 1.0,
    "stored_as": "SPARC_NGC5033_b4"
  },
  "bit5": {
    "gene": "((a1 AND NOT(b6)) OR ((a1 XNOR b6) AND (a7 OR NOT(a3))))",
    "accuracy": 1.0,
    "stored_as": "SPARC_NGC5033_b5"
  },
  "bit6": {
    "gene": "((a2 AND a4) XOR (a5 OR a6))",
    "accuracy": 1.0,
    "stored_as": "SPARC_NGC5033_b6"
  },
  "bit7": {
    "gene": "(((a0 OR b0) XOR (b3 XOR b4)) OR (a5 AND b4))",
    "accuracy": 1.0,
    "stored_as": "SPARC_NGC5033_b7"
  }
}