{
  "bit0": {
    "gene": "((b2 OR (a4 XOR b1)) XOR (a1 AND (b0 AND b6)))",
    "accuracy": 1.0,
    "stored_as": "SPARC_NGC5985_b0"
  },
  "bit1": {
    "gene": "(b6 XOR (b1 OR b5))",
    "accuracy": 1.0,
    "stored_as": "SPARC_NGC5985_b1"
  },
  "bit2": {
    "gene": "((a1 OR a6) XOR (b1 XOR b2))",
    "accuracy": 1.0,
    "stored_as": "SPARC_NGC5985_b2"
  },
  "bit3": {
    "gene": "((a1 OR b0) XOR (a3 AND a4))",
    "accuracy": 1.0,
    "stored_as": "SPARC_NGC5985_b3"
  },
  "bit4": {
    "gene": "((a0 XOR b4) XOR (b5 AND b6))",
    "accuracy": 1.0,
    "stored_as": "SPARC_NGC5985_b4"
  },
  "bit5": {
    "gene": "(((a0 AND a1) XOR (b1 XOR b3)) XOR (a1 AND (a3 AND b5)))",
    "accuracy": 1.0,
    "stored_as": "SPARC_NGC5985_b5"
  },
  "bit6": {
    "gene": "(a0 OR (b1 OR b5))",
    "accuracy": 1.0,
    "stored_as": "SPARC_NGC5985_b6"
  },
  "bit7": {
    "gene": "(a6 OR a7)",
    "accuracy": 1.0,
    "stored_as": "SPARC_NGC5985_b7"
  }
}