{
  "bit0": {
    "gene": "RippleAdderSumBit[0]: (a0 XOR b0) XOR carry_in(0)",
    "accuracy": 1.0,
    "stored_as": "SPARC_NGC6789_b0"
  },
  "bit1": {
    "gene": "RippleAdderSumBit[4]: (a4 XOR b4) XOR carry_in(4)",
    "accuracy": 1.0,
    "stored_as": "SPARC_NGC6789_b1"
  },
  "bit2": {
    "gene": "RippleAdderSumBit[3]: (a3 XOR b3) XOR carry_in(3)",
    "accuracy": 1.0,
    "stored_as": "SPARC_NGC6789_b2"
  },
  "bit3": {
    "gene": "Out[i] = a1[i] OR Out[i]",
    "accuracy": 1.0,
    "stored_as": "SPARC_NGC6789_b3"
  },
  "bit4": {
    "gene": "RippleAdderSumBit[4]: (a4 XOR b4) XOR carry_in(4)",
    "accuracy": 1.0,
    "stored_as": "SPARC_NGC6789_b4"
  },
  "bit5": {
    "gene": "RippleAdderSumBit[2]: (a2 XOR b2) XOR carry_in(2)",
    "accuracy": 1.0,
    "stored_as": "SPARC_NGC6789_b5"
  },
  "bit6": {
    "gene": "RippleAdderSumBit[3]: (a3 XOR b3) XOR carry_in(3)",
    "accuracy": 1.0,
    "stored_as": "SPARC_NGC6789_b6"
  },
  "bit7": {
    "gene": "RippleAdderSumBit[2]: (a2 XOR b2) XOR carry_in(2)",
    "accuracy": 1.0,
    "stored_as": "SPARC_NGC6789_b7"
  }
}