{
  "bit0": {
    "gene": "(b3 XOR (a3 AND b4))",
    "accuracy": 1.0,
    "stored_as": "SPARC_NGC6674_b0"
  },
  "bit1": {
    "gene": "(b3 OR (a3 AND a4))",
    "accuracy": 1.0,
    "stored_as": "SPARC_NGC6674_b1"
  },
  "bit2": {
    "gene": "((a1 AND a4) XOR (a7 AND b1))",
    "accuracy": 1.0,
    "stored_as": "SPARC_NGC6674_b2"
  },
  "bit3": {
    "gene": "(a6 XNOR (a4 OR b0))",
    "accuracy": 1.0,
    "stored_as": "SPARC_NGC6674_b3"
  },
  "bit4": {
    "gene": "((a4 OR NOT(b3)) AND ((a4 XNOR b3) OR (b0 OR NOT(a0))))",
    "accuracy": 1.0,
    "stored_as": "SPARC_NGC6674_b4"
  },
  "bit5": {
    "gene": "((a3 XOR b1) XNOR (a4 OR b2))",
    "accuracy": 1.0,
    "stored_as": "SPARC_NGC6674_b5"
  },
  "bit6": {
    "gene": "(a6 OR NOT(a7))",
    "accuracy": 1.0,
    "stored_as": "SPARC_NGC6674_b6"
  },
  "bit7": {
    "gene": "(a7 AND (a0 XNOR b1))",
    "accuracy": 1.0,
    "stored_as": "SPARC_NGC6674_b7"
  }
}