{
  "bit0": {
    "gene": "(a0 OR (a1 OR b3))",
    "accuracy": 1.0,
    "stored_as": "SPARC_NGC6015_b0"
  },
  "bit1": {
    "gene": "(a2 OR (a1 XOR b2))",
    "accuracy": 1.0,
    "stored_as": "SPARC_NGC6015_b1"
  },
  "bit2": {
    "gene": "((a0 AND a3) XOR (b0 OR b1))",
    "accuracy": 1.0,
    "stored_as": "SPARC_NGC6015_b2"
  },
  "bit3": {
    "gene": "((a7 XOR (a1 OR a5)) XOR (a0 AND b5))",
    "accuracy": 1.0,
    "stored_as": "SPARC_NGC6015_b3"
  },
  "bit4": {
    "gene": "((a1 AND b3) XOR (a3 AND a7))",
    "accuracy": 1.0,
    "stored_as": "SPARC_NGC6015_b4"
  },
  "bit5": {
    "gene": "(b2 XOR (b3 XOR b4))",
    "accuracy": 1.0,
    "stored_as": "SPARC_NGC6015_b5"
  },
  "bit6": {
    "gene": "(a3 OR a6)",
    "accuracy": 1.0,
    "stored_as": "SPARC_NGC6015_b6"
  },
  "bit7": {
    "gene": "(a7 OR b7)",
    "accuracy": 1.0,
    "stored_as": "SPARC_NGC6015_b7"
  }
}