{
  "bit0": {
    "gene": "(b1 AND (a2 XNOR b5))",
    "accuracy": 1.0,
    "stored_as": "SPARC_NGC7331_b0"
  },
  "bit1": {
    "gene": "(((a0 AND a2) XOR (a3 OR a5)) XOR (a6 AND b1))",
    "accuracy": 1.0,
    "stored_as": "SPARC_NGC7331_b1"
  },
  "bit2": {
    "gene": "((a6 XNOR (a4 OR b4)) XOR (a6 AND (a1 XOR a7)))",
    "accuracy": 1.0,
    "stored_as": "SPARC_NGC7331_b2"
  },
  "bit3": {
    "gene": "(b7 OR (a4 XOR a5))",
    "accuracy": 1.0,
    "stored_as": "SPARC_NGC7331_b3"
  },
  "bit4": {
    "gene": "(a0 XNOR (a3 AND a4))",
    "accuracy": 1.0,
    "stored_as": "SPARC_NGC7331_b4"
  },
  "bit5": {
    "gene": "(b2 XOR (a4 AND (a6 AND b4)))",
    "accuracy": 1.0,
    "stored_as": "SPARC_NGC7331_b5"
  },
  "bit6": {
    "gene": "((a1 XNOR a5) OR (b2 XOR b4))",
    "accuracy": 1.0,
    "stored_as": "SPARC_NGC7331_b6"
  },
  "bit7": {
    "gene": "((a0 AND a1) XNOR (b1 OR b5))",
    "accuracy": 1.0,
    "stored_as": "SPARC_NGC7331_b7"
  }
}