{
  "bit0": {
    "gene": "((a7 XOR (a3 AND a5)) OR (a2 AND (a6 AND b6)))",
    "accuracy": 1.0,
    "stored_as": "SPARC_NGC7814_b0"
  },
  "bit1": {
    "gene": "(a7 XOR (a2 AND (a6 AND b6)))",
    "accuracy": 1.0,
    "stored_as": "SPARC_NGC7814_b1"
  },
  "bit2": {
    "gene": "(a7 XOR (a6 AND b1))",
    "accuracy": 1.0,
    "stored_as": "SPARC_NGC7814_b2"
  },
  "bit3": {
    "gene": "((a3 XOR (a5 XNOR b1)) OR (a2 AND (a6 AND b6)))",
    "accuracy": 1.0,
    "stored_as": "SPARC_NGC7814_b3"
  },
  "bit4": {
    "gene": "(a1 XOR (a2 AND (a3 AND b6)))",
    "accuracy": 1.0,
    "stored_as": "SPARC_NGC7814_b4"
  },
  "bit5": {
    "gene": "(a6 AND (a0 XNOR b0))",
    "accuracy": 1.0,
    "stored_as": "SPARC_NGC7814_b5"
  },
  "bit6": {
    "gene": "((a5 AND NOT(b7)) OR ((a5 XNOR b7) AND (a4 AND NOT(a1))))",
    "accuracy": 1.0,
    "stored_as": "SPARC_NGC7814_b6"
  },
  "bit7": {
    "gene": "(a1 AND a6)",
    "accuracy": 1.0,
    "stored_as": "SPARC_NGC7814_b7"
  }
}