{
  "bit0": {
    "gene": "(b4 XOR (a7 AND b1))",
    "accuracy": 1.0,
    "stored_as": "SPARC_NGC7793_b0"
  },
  "bit1": {
    "gene": "(b6 XOR (a4 OR a6))",
    "accuracy": 1.0,
    "stored_as": "SPARC_NGC7793_b1"
  },
  "bit2": {
    "gene": "((a3 AND b1) XOR (a6 XOR b6))",
    "accuracy": 1.0,
    "stored_as": "SPARC_NGC7793_b2"
  },
  "bit3": {
    "gene": "((a0 AND a7) XOR (b0 AND b2))",
    "accuracy": 1.0,
    "stored_as": "SPARC_NGC7793_b3"
  },
  "bit4": {
    "gene": "(a1 OR (a7 XOR b6))",
    "accuracy": 1.0,
    "stored_as": "SPARC_NGC7793_b4"
  },
  "bit5": {
    "gene": "(a0 OR (a6 AND b1))",
    "accuracy": 1.0,
    "stored_as": "SPARC_NGC7793_b5"
  },
  "bit6": {
    "gene": "((a0 XOR b1) XOR (b5 XOR b6))",
    "accuracy": 1.0,
    "stored_as": "SPARC_NGC7793_b6"
  },
  "bit7": {
    "gene": "(a7 AND (a1 OR b1))",
    "accuracy": 1.0,
    "stored_as": "SPARC_NGC7793_b7"
  }
}