{
  "bit7": {
    "gene": "RippleAdderCout[8]: carry_out(8)",
    "accuracy": 1.0
  },
  "bit6": {
    "gene": "((((a1 OR b7) OR (a7 XOR b6)) XOR ((a0 AND a1) AND (a2 AND b0))) OR ((a3 AND b0) AND (b1 AND b6)))",
    "accuracy": 0.835016835016835
  },
  "bit5": {
    "gene": "(((((((a1 XOR a6) OR (a2 OR b7)) OR ((a1 AND a7) AND (b0 AND b1))) XOR ((a1 AND a7) AND (b0 AND b5))) OR ((b0 AND b3) AND (b4 AND b6))) OR ((a0 AND b0) AND (b2 AND b6))) XOR ((a0 AND b0) AND (b3 AND b5)))",
    "accuracy": 0.7946127946127947
  },
  "bit4": {
    "gene": "(((((((b0 AND b3) XOR (b1 OR b6)) OR ((a6 AND b0) AND (b1 AND b2))) OR ((a0 AND a3) AND (a5 AND b0))) OR ((a3 AND b0) AND (b1 AND b6))) XOR ((a1 AND b0) AND (b2 AND b7))) XOR ((a3 AND b0) AND (b1 AND b6)))",
    "accuracy": 0.7441077441077442
  },
  "bit3": {
    "gene": "(((((((a0 XOR a3) OR (b1 AND b7)) OR ((a0 AND a1) AND (a4 AND a7))) OR ((a0 AND a1) AND (a2 AND a6))) XOR ((a0 AND a1) AND (a4 AND a7))) OR ((a0 AND a1) AND (a3 AND a4))) OR ((a2 AND b0) AND (b5 AND b6)))",
    "accuracy": 0.7272727272727273
  },
  "bit2": {
    "gene": "(((((((a1 XOR b1) OR (b0 XOR b4)) XOR ((a4 AND a5) AND (b0 AND b3))) OR ((a1 AND b0) AND (b1 AND b7))) OR ((a0 AND a3) AND (b0 AND b6))) XOR ((a1 AND b0) AND (b1 AND b7))) OR (a7 XOR (a6 OR b2)))",
    "accuracy": 0.7542087542087542
  },
  "bit1": {
    "gene": "((((b7 OR (a0 AND b5)) XOR (a4 AND (a5 XOR b3))) OR ((a0 AND a1) AND (a4 AND b0))) XOR ((a0 AND b0) AND (b5 AND b7)))",
    "accuracy": 0.7407407407407407
  },
  "bit0": {
    "gene": "((((((a2 OR b7) XOR (b0 XOR b4)) XOR ((a0 AND a3) AND (b0 AND b2))) OR ((a0 AND b0) AND (b1 AND b5))) OR ((b0 AND b4) AND (b5 AND b7))) OR ((a0 AND a1) AND (b0 AND b7)))",
    "accuracy": 0.7272727272727273
  }
}