{
  "bit0": {
    "gene": "(b1 XOR (a0 OR b7))",
    "accuracy": 1.0,
    "stored_as": "SPARC_UGC00128_b0"
  },
  "bit1": {
    "gene": "((a0 AND a3) XOR (a2 AND a5))",
    "accuracy": 1.0,
    "stored_as": "SPARC_UGC00128_b1"
  },
  "bit2": {
    "gene": "((a0 AND b6) XOR (a4 AND b7))",
    "accuracy": 1.0,
    "stored_as": "SPARC_UGC00128_b2"
  },
  "bit3": {
    "gene": "((a1 AND a3) XOR (b0 XOR b4))",
    "accuracy": 1.0,
    "stored_as": "SPARC_UGC00128_b3"
  },
  "bit4": {
    "gene": "((b5 XOR (a0 OR b7)) OR (a4 AND b1))",
    "accuracy": 1.0,
    "stored_as": "SPARC_UGC00128_b4"
  },
  "bit5": {
    "gene": "(b7 OR (a0 XOR a2))",
    "accuracy": 1.0,
    "stored_as": "SPARC_UGC00128_b5"
  },
  "bit6": {
    "gene": "(a0 OR b2)",
    "accuracy": 1.0,
    "stored_as": "SPARC_UGC00128_b6"
  },
  "bit7": {
    "gene": "(a2 OR b6)",
    "accuracy": 1.0,
    "stored_as": "SPARC_UGC00128_b7"
  }
}