{
  "bit0": {
    "gene": "RippleAdderSumBit[3]: (a3 XOR b3) XOR carry_in(3)",
    "accuracy": 1.0,
    "stored_as": "SPARC_UGC09992_b0"
  },
  "bit1": {
    "gene": "(a0 XOR b6)",
    "accuracy": 1.0,
    "stored_as": "SPARC_UGC09992_b1"
  },
  "bit2": {
    "gene": "(NOT(a0) AND b6)",
    "accuracy": 1.0,
    "stored_as": "SPARC_UGC09992_b2"
  },
  "bit3": {
    "gene": "RippleAdderCout[8]: carry_out(8)",
    "accuracy": 1.0,
    "stored_as": "SPARC_UGC09992_b3"
  },
  "bit4": {
    "gene": "RippleAdderSumBit[5]: (a5 XOR b5) XOR carry_in(5)",
    "accuracy": 1.0,
    "stored_as": "SPARC_UGC09992_b4"
  },
  "bit5": {
    "gene": "(NOT(a0) AND b6)",
    "accuracy": 1.0,
    "stored_as": "SPARC_UGC09992_b5"
  },
  "bit6": {
    "gene": "RippleAdderCout[8]: carry_out(8)",
    "accuracy": 1.0,
    "stored_as": "SPARC_UGC09992_b6"
  },
  "bit7": {
    "gene": "Out[i] = a7[i] OR Out[i]",
    "accuracy": 1.0,
    "stored_as": "SPARC_UGC09992_b7"
  }
}