{
  "bit0": {
    "gene": "((a2 OR a6) XOR (b5 XNOR b7))",
    "accuracy": 1.0,
    "stored_as": "SPARC_UGC06787_b0"
  },
  "bit1": {
    "gene": "(a2 AND (a4 OR b1))",
    "accuracy": 1.0,
    "stored_as": "SPARC_UGC06787_b1"
  },
  "bit2": {
    "gene": "((b5 AND NOT(b2)) OR ((b5 XNOR b2) AND (b0 AND NOT(b6))))",
    "accuracy": 1.0,
    "stored_as": "SPARC_UGC06787_b2"
  },
  "bit3": {
    "gene": "((a3 OR b4) XOR (a7 XNOR b6))",
    "accuracy": 1.0,
    "stored_as": "SPARC_UGC06787_b3"
  },
  "bit4": {
    "gene": "((a3 XNOR (a5 AND b1)) XOR (a1 AND (a6 AND b4)))",
    "accuracy": 1.0,
    "stored_as": "SPARC_UGC06787_b4"
  },
  "bit5": {
    "gene": "(a7 XOR (b0 AND b6))",
    "accuracy": 1.0,
    "stored_as": "SPARC_UGC06787_b5"
  },
  "bit6": {
    "gene": "(b7 XOR (a4 AND a6))",
    "accuracy": 1.0,
    "stored_as": "SPARC_UGC06787_b6"
  },
  "bit7": {
    "gene": "(a7 OR b3)",
    "accuracy": 1.0,
    "stored_as": "SPARC_UGC06787_b7"
  }
}