{
  "bit0": {
    "gene": "(((a1 AND a5) XOR (a2 XOR a4)) XOR (a6 AND b7))",
    "accuracy": 1.0,
    "stored_as": "SPARC_UGC02487_b0"
  },
  "bit1": {
    "gene": "((b2 XOR (a2 OR a7)) XOR (a0 AND (a1 XOR a4)))",
    "accuracy": 1.0,
    "stored_as": "SPARC_UGC02487_b1"
  },
  "bit2": {
    "gene": "((a1 OR a5) XNOR (b0 OR b2))",
    "accuracy": 1.0,
    "stored_as": "SPARC_UGC02487_b2"
  },
  "bit3": {
    "gene": "((a0 OR b0) AND (a6 XNOR b4))",
    "accuracy": 1.0,
    "stored_as": "SPARC_UGC02487_b3"
  },
  "bit4": {
    "gene": "((a2 OR a6) XOR (b4 XNOR b7))",
    "accuracy": 1.0,
    "stored_as": "SPARC_UGC02487_b4"
  },
  "bit5": {
    "gene": "((a4 AND NOT(b7)) OR (b7 AND a6))",
    "accuracy": 1.0,
    "stored_as": "SPARC_UGC02487_b5"
  },
  "bit6": {
    "gene": "((a6 AND b1) XNOR (b2 OR b7))",
    "accuracy": 1.0,
    "stored_as": "SPARC_UGC02487_b6"
  },
  "bit7": {
    "gene": "(a7 OR (a1 AND a6))",
    "accuracy": 1.0,
    "stored_as": "SPARC_UGC02487_b7"
  }
}