{
  "bit0": {
    "gene": "(a1 XOR a7)",
    "accuracy": 1.0,
    "stored_as": "SPARC_UGC04499_b0"
  },
  "bit1": {
    "gene": "(a2 OR (a3 XOR a4))",
    "accuracy": 1.0,
    "stored_as": "SPARC_UGC04499_b1"
  },
  "bit2": {
    "gene": "RippleAdderSumBit[5]: (a5 XOR b5) XOR carry_in(5)",
    "accuracy": 1.0,
    "stored_as": "SPARC_UGC04499_b2"
  },
  "bit3": {
    "gene": "(a1 XOR (a2 XOR a7))",
    "accuracy": 1.0,
    "stored_as": "SPARC_UGC04499_b3"
  },
  "bit4": {
    "gene": "(a6 AND (a2 OR b6))",
    "accuracy": 1.0,
    "stored_as": "SPARC_UGC04499_b4"
  },
  "bit5": {
    "gene": "(a0 OR a4)",
    "accuracy": 1.0,
    "stored_as": "SPARC_UGC04499_b5"
  },
  "bit6": {
    "gene": "(a1 XOR (a4 XOR b5))",
    "accuracy": 1.0,
    "stored_as": "SPARC_UGC04499_b6"
  },
  "bit7": {
    "gene": "Out[i] = a7[i] OR Out[i]",
    "accuracy": 1.0,
    "stored_as": "SPARC_UGC04499_b7"
  }
}