{
  "bit0": {
    "gene": "(a3 XOR b1)",
    "accuracy": 1.0,
    "stored_as": "SPARC_UGC02455_b0"
  },
  "bit1": {
    "gene": "(a2 AND b1)",
    "accuracy": 1.0,
    "stored_as": "SPARC_UGC02455_b1"
  },
  "bit2": {
    "gene": "(a2 XOR a4)",
    "accuracy": 1.0,
    "stored_as": "SPARC_UGC02455_b2"
  },
  "bit3": {
    "gene": "Out[i] = b2[i] OR Out[i]",
    "accuracy": 1.0,
    "stored_as": "SPARC_UGC02455_b3"
  },
  "bit4": {
    "gene": "(a1 XOR a4)",
    "accuracy": 1.0,
    "stored_as": "SPARC_UGC02455_b4"
  },
  "bit5": {
    "gene": "(NOT(a4) AND b2)",
    "accuracy": 1.0,
    "stored_as": "SPARC_UGC02455_b5"
  },
  "bit6": {
    "gene": "Out[i] = b3[i] OR Out[i]",
    "accuracy": 1.0,
    "stored_as": "SPARC_UGC02455_b6"
  },
  "bit7": {
    "gene": "Out[i] = b4[i] OR Out[i]",
    "accuracy": 1.0,
    "stored_as": "SPARC_UGC02455_b7"
  }
}