{
  "bit0": {
    "gene": "(a1 XOR a2)",
    "accuracy": 1.0,
    "stored_as": "SPARC_UGC05999_b0"
  },
  "bit1": {
    "gene": "RippleAdderSumBit[5]: (a5 XOR b5) XOR carry_in(5)",
    "accuracy": 1.0,
    "stored_as": "SPARC_UGC05999_b1"
  },
  "bit2": {
    "gene": "RippleAdderSumBit[2]: (a2 XOR b2) XOR carry_in(2)",
    "accuracy": 1.0,
    "stored_as": "SPARC_UGC05999_b2"
  },
  "bit3": {
    "gene": "RippleAdderSumBit[5]: (a5 XOR b5) XOR carry_in(5)",
    "accuracy": 1.0,
    "stored_as": "SPARC_UGC05999_b3"
  },
  "bit4": {
    "gene": "RippleAdderSumBit[3]: (a3 XOR b3) XOR carry_in(3)",
    "accuracy": 1.0,
    "stored_as": "SPARC_UGC05999_b4"
  },
  "bit5": {
    "gene": "Out[i] = b6[i] OR Out[i]",
    "accuracy": 1.0,
    "stored_as": "SPARC_UGC05999_b5"
  },
  "bit6": {
    "gene": "RippleAdderSumBit[3]: (a3 XOR b3) XOR carry_in(3)",
    "accuracy": 1.0,
    "stored_as": "SPARC_UGC05999_b6"
  },
  "bit7": {
    "gene": "RippleAdderSumBit[2]: (a2 XOR b2) XOR carry_in(2)",
    "accuracy": 1.0,
    "stored_as": "SPARC_UGC05999_b7"
  }
}