{
  "bit0": {
    "gene": "(a4 AND NOT(b5))",
    "accuracy": 1.0,
    "stored_as": "SPARC_UGC07577_b0"
  },
  "bit1": {
    "gene": "(a1 XOR a3)",
    "accuracy": 1.0,
    "stored_as": "SPARC_UGC07577_b1"
  },
  "bit2": {
    "gene": "(a2 OR b1)",
    "accuracy": 1.0,
    "stored_as": "SPARC_UGC07577_b2"
  },
  "bit3": {
    "gene": "(a0 OR a7)",
    "accuracy": 1.0,
    "stored_as": "SPARC_UGC07577_b3"
  },
  "bit4": {
    "gene": "(a0 OR a7)",
    "accuracy": 1.0,
    "stored_as": "SPARC_UGC07577_b4"
  },
  "bit5": {
    "gene": "(NOT(a2) AND a7)",
    "accuracy": 1.0,
    "stored_as": "SPARC_UGC07577_b5"
  },
  "bit6": {
    "gene": "(a1 XOR (a5 XOR a6))",
    "accuracy": 1.0,
    "stored_as": "SPARC_UGC07577_b6"
  },
  "bit7": {
    "gene": "Out[i] = b7[i] OR Out[i]",
    "accuracy": 1.0,
    "stored_as": "SPARC_UGC07577_b7"
  }
}