{
  "bit0": {
    "gene": "(NOT(a0) AND a2)",
    "accuracy": 1.0,
    "stored_as": "SPARC_UGC00191_b0"
  },
  "bit1": {
    "gene": "(a1 XOR a6)",
    "accuracy": 1.0,
    "stored_as": "SPARC_UGC00191_b1"
  },
  "bit2": {
    "gene": "(a2 XOR (a5 AND b3))",
    "accuracy": 1.0,
    "stored_as": "SPARC_UGC00191_b2"
  },
  "bit3": {
    "gene": "(a6 AND b2)",
    "accuracy": 1.0,
    "stored_as": "SPARC_UGC00191_b3"
  },
  "bit4": {
    "gene": "(a5 AND NOT(b0))",
    "accuracy": 1.0,
    "stored_as": "SPARC_UGC00191_b4"
  },
  "bit5": {
    "gene": "Out[i] = b7[i] OR Out[i]",
    "accuracy": 1.0,
    "stored_as": "SPARC_UGC00191_b5"
  },
  "bit6": {
    "gene": "(a6 OR b5)",
    "accuracy": 1.0,
    "stored_as": "SPARC_UGC00191_b6"
  },
  "bit7": {
    "gene": "Out[i] = a7[i] OR Out[i]",
    "accuracy": 1.0,
    "stored_as": "SPARC_UGC00191_b7"
  }
}