{
  "bit0": {
    "gene": "(a4 XOR (b3 AND b5))",
    "accuracy": 1.0,
    "stored_as": "SPARC_UGC05764_b0"
  },
  "bit1": {
    "gene": "(a0 OR (a1 AND b3))",
    "accuracy": 1.0,
    "stored_as": "SPARC_UGC05764_b1"
  },
  "bit2": {
    "gene": "(a0 XOR b7)",
    "accuracy": 1.0,
    "stored_as": "SPARC_UGC05764_b2"
  },
  "bit3": {
    "gene": "(a1 XOR (a0 OR b2))",
    "accuracy": 1.0,
    "stored_as": "SPARC_UGC05764_b3"
  },
  "bit4": {
    "gene": "(a1 AND a6)",
    "accuracy": 1.0,
    "stored_as": "SPARC_UGC05764_b4"
  },
  "bit5": {
    "gene": "(a0 XOR (a3 OR b1))",
    "accuracy": 1.0,
    "stored_as": "SPARC_UGC05764_b5"
  },
  "bit6": {
    "gene": "(a7 OR b2)",
    "accuracy": 1.0,
    "stored_as": "SPARC_UGC05764_b6"
  },
  "bit7": {
    "gene": "Out[i] = a1[i] OR Out[i]",
    "accuracy": 1.0,
    "stored_as": "SPARC_UGC05764_b7"
  }
}