{
  "bit0": {
    "gene": "(a2 XOR (a5 AND b1))",
    "accuracy": 1.0,
    "stored_as": "SPARC_UGC08837_b0"
  },
  "bit1": {
    "gene": "RippleAdderCout[8]: carry_out(8)",
    "accuracy": 1.0,
    "stored_as": "SPARC_UGC08837_b1"
  },
  "bit2": {
    "gene": "(a1 OR a2)",
    "accuracy": 1.0,
    "stored_as": "SPARC_UGC08837_b2"
  },
  "bit3": {
    "gene": "((a0 XOR a1) XOR (a2 XOR b3))",
    "accuracy": 1.0,
    "stored_as": "SPARC_UGC08837_b3"
  },
  "bit4": {
    "gene": "RippleAdderSumBit[7]: (a7 XOR b7) XOR carry_in(7)",
    "accuracy": 1.0,
    "stored_as": "SPARC_UGC08837_b4"
  },
  "bit5": {
    "gene": "RippleAdderSumBit[6]: (a6 XOR b6) XOR carry_in(6)",
    "accuracy": 1.0,
    "stored_as": "SPARC_UGC08837_b5"
  },
  "bit6": {
    "gene": "RippleAdderSumBit[7]: (a7 XOR b7) XOR carry_in(7)",
    "accuracy": 1.0,
    "stored_as": "SPARC_UGC08837_b6"
  },
  "bit7": {
    "gene": "RippleAdderCout[8]: carry_out(8)",
    "accuracy": 1.0,
    "stored_as": "SPARC_UGC08837_b7"
  }
}