{
  "bit0": {
    "gene": "((a2 AND b5) XOR (b0 AND b3))",
    "accuracy": 1.0,
    "stored_as": "SPARC_UGC05253_b0"
  },
  "bit1": {
    "gene": "((a5 XOR (a0 AND (a2 AND b3))) XOR (a2 AND (a4 XOR a6)))",
    "accuracy": 1.0,
    "stored_as": "SPARC_UGC05253_b1"
  },
  "bit2": {
    "gene": "((a0 XOR b0) OR (a1 XNOR b1))",
    "accuracy": 1.0,
    "stored_as": "SPARC_UGC05253_b2"
  },
  "bit3": {
    "gene": "(a2 XOR (a3 AND b2))",
    "accuracy": 1.0,
    "stored_as": "SPARC_UGC05253_b3"
  },
  "bit4": {
    "gene": "(a5 XOR (a0 AND (a2 AND b1)))",
    "accuracy": 1.0,
    "stored_as": "SPARC_UGC05253_b4"
  },
  "bit5": {
    "gene": "(a1 OR (a2 XNOR b4))",
    "accuracy": 1.0,
    "stored_as": "SPARC_UGC05253_b5"
  },
  "bit6": {
    "gene": "((a0 XOR b0) OR (a1 XNOR b1))",
    "accuracy": 1.0,
    "stored_as": "SPARC_UGC05253_b6"
  },
  "bit7": {
    "gene": "(a1 OR a6)",
    "accuracy": 1.0,
    "stored_as": "SPARC_UGC05253_b7"
  }
}