{
  "bit0": {
    "gene": "(b1 AND NOT(b2))",
    "accuracy": 1.0,
    "stored_as": "SPARC_UGC06818_b0"
  },
  "bit1": {
    "gene": "(a2 XOR b0)",
    "accuracy": 1.0,
    "stored_as": "SPARC_UGC06818_b1"
  },
  "bit2": {
    "gene": "RippleAdderSumBit[7]: (a7 XOR b7) XOR carry_in(7)",
    "accuracy": 1.0,
    "stored_as": "SPARC_UGC06818_b2"
  },
  "bit3": {
    "gene": "(a0 OR (a3 AND a6))",
    "accuracy": 1.0,
    "stored_as": "SPARC_UGC06818_b3"
  },
  "bit4": {
    "gene": "RippleAdderSumBit[6]: (a6 XOR b6) XOR carry_in(6)",
    "accuracy": 1.0,
    "stored_as": "SPARC_UGC06818_b4"
  },
  "bit5": {
    "gene": "(a6 AND b2)",
    "accuracy": 1.0,
    "stored_as": "SPARC_UGC06818_b5"
  },
  "bit6": {
    "gene": "RippleAdderCout[8]: carry_out(8)",
    "accuracy": 1.0,
    "stored_as": "SPARC_UGC06818_b6"
  },
  "bit7": {
    "gene": "Out[i] = b1[i] OR Out[i]",
    "accuracy": 1.0,
    "stored_as": "SPARC_UGC06818_b7"
  }
}