{
  "bit0": {
    "gene": "(a1 XOR a3)",
    "accuracy": 1.0,
    "stored_as": "SPARC_UGC05414_b0"
  },
  "bit1": {
    "gene": "RippleAdderSumBit[3]: (a3 XOR b3) XOR carry_in(3)",
    "accuracy": 1.0,
    "stored_as": "SPARC_UGC05414_b1"
  },
  "bit2": {
    "gene": "Out[i] = b5[i] OR Out[i]",
    "accuracy": 1.0,
    "stored_as": "SPARC_UGC05414_b2"
  },
  "bit3": {
    "gene": "Out[i] = a2[i] OR Out[i]",
    "accuracy": 1.0,
    "stored_as": "SPARC_UGC05414_b3"
  },
  "bit4": {
    "gene": "Out[i] = b5[i] OR Out[i]",
    "accuracy": 1.0,
    "stored_as": "SPARC_UGC05414_b4"
  },
  "bit5": {
    "gene": "Out[i] = a4[i] OR Out[i]",
    "accuracy": 1.0,
    "stored_as": "SPARC_UGC05414_b5"
  },
  "bit6": {
    "gene": "RippleAdderSumBit[4]: (a4 XOR b4) XOR carry_in(4)",
    "accuracy": 1.0,
    "stored_as": "SPARC_UGC05414_b6"
  },
  "bit7": {
    "gene": "RippleAdderCout[8]: carry_out(8)",
    "accuracy": 1.0,
    "stored_as": "SPARC_UGC05414_b7"
  }
}