{
  "bit0": {
    "gene": "Out[i] = b0[i] OR Out[i]",
    "accuracy": 1.0,
    "stored_as": "SPARC_UGC06923_b0"
  },
  "bit1": {
    "gene": "Out[i] = b7[i] OR Out[i]",
    "accuracy": 1.0,
    "stored_as": "SPARC_UGC06923_b1"
  },
  "bit2": {
    "gene": "Out[i] = b5[i] OR Out[i]",
    "accuracy": 1.0,
    "stored_as": "SPARC_UGC06923_b2"
  },
  "bit3": {
    "gene": "RippleAdderSumBit[1]: (a1 XOR b1) XOR carry_in(1)",
    "accuracy": 1.0,
    "stored_as": "SPARC_UGC06923_b3"
  },
  "bit4": {
    "gene": "(a1 XOR a5)",
    "accuracy": 1.0,
    "stored_as": "SPARC_UGC06923_b4"
  },
  "bit5": {
    "gene": "Out[i] = b7[i] OR Out[i]",
    "accuracy": 1.0,
    "stored_as": "SPARC_UGC06923_b5"
  },
  "bit6": {
    "gene": "Out[i] = a5[i] OR Out[i]",
    "accuracy": 1.0,
    "stored_as": "SPARC_UGC06923_b6"
  },
  "bit7": {
    "gene": "RippleAdderCout[8]: carry_out(8)",
    "accuracy": 1.0,
    "stored_as": "SPARC_UGC06923_b7"
  }
}