{
  "bit0": {
    "gene": "DivQuotBit[8]: Q2",
    "accuracy": 1.0,
    "stored_as": "SPARC_UGC07151_b0"
  },
  "bit1": {
    "gene": "((a6 AND NOT(a2)) OR (a2 AND b4))",
    "accuracy": 1.0,
    "stored_as": "SPARC_UGC07151_b1"
  },
  "bit2": {
    "gene": "(a0 OR a2)",
    "accuracy": 1.0,
    "stored_as": "SPARC_UGC07151_b2"
  },
  "bit3": {
    "gene": "(a0 XOR (a3 OR b7))",
    "accuracy": 1.0,
    "stored_as": "SPARC_UGC07151_b3"
  },
  "bit4": {
    "gene": "(a0 XOR (a7 AND b4))",
    "accuracy": 1.0,
    "stored_as": "SPARC_UGC07151_b4"
  },
  "bit5": {
    "gene": "(a0 XOR (a3 AND a5))",
    "accuracy": 1.0,
    "stored_as": "SPARC_UGC07151_b5"
  },
  "bit6": {
    "gene": "Out[i] = a6[i] OR Out[i]",
    "accuracy": 1.0,
    "stored_as": "SPARC_UGC07151_b6"
  },
  "bit7": {
    "gene": "Out[i] = a7[i] OR Out[i]",
    "accuracy": 1.0,
    "stored_as": "SPARC_UGC07151_b7"
  }
}