{
  "bit0": {
    "gene": "(NOT(a0) AND b7)",
    "accuracy": 1.0,
    "stored_as": "SPARC_UGC07261_b0"
  },
  "bit1": {
    "gene": "(a0 OR a1)",
    "accuracy": 1.0,
    "stored_as": "SPARC_UGC07261_b1"
  },
  "bit2": {
    "gene": "(a1 OR a3)",
    "accuracy": 1.0,
    "stored_as": "SPARC_UGC07261_b2"
  },
  "bit3": {
    "gene": "(b0 XOR b3)",
    "accuracy": 1.0,
    "stored_as": "SPARC_UGC07261_b3"
  },
  "bit4": {
    "gene": "RippleAdderSumBit[7]: (a7 XOR b7) XOR carry_in(7)",
    "accuracy": 1.0,
    "stored_as": "SPARC_UGC07261_b4"
  },
  "bit5": {
    "gene": "RippleAdderSumBit[0]: (a0 XOR b0) XOR carry_in(0)",
    "accuracy": 1.0,
    "stored_as": "SPARC_UGC07261_b5"
  },
  "bit6": {
    "gene": "(a0 OR b7)",
    "accuracy": 1.0,
    "stored_as": "SPARC_UGC07261_b6"
  },
  "bit7": {
    "gene": "RippleAdderCout[8]: carry_out(8)",
    "accuracy": 1.0,
    "stored_as": "SPARC_UGC07261_b7"
  }
}