{
  "bit0": {
    "gene": "((a2 XOR a5) XOR (a4 AND b0))",
    "accuracy": 1.0,
    "stored_as": "SPARC_UGC07125_b0"
  },
  "bit1": {
    "gene": "((a0 XOR a4) XOR (b1 AND b2))",
    "accuracy": 1.0,
    "stored_as": "SPARC_UGC07125_b1"
  },
  "bit2": {
    "gene": "((a1 OR NOT(b1)) AND (b1 OR a2))",
    "accuracy": 1.0,
    "stored_as": "SPARC_UGC07125_b2"
  },
  "bit3": {
    "gene": "(a6 OR (a2 AND a3))",
    "accuracy": 1.0,
    "stored_as": "SPARC_UGC07125_b3"
  },
  "bit4": {
    "gene": "(a6 OR (a7 XOR b0))",
    "accuracy": 1.0,
    "stored_as": "SPARC_UGC07125_b4"
  },
  "bit5": {
    "gene": "(a1 OR (a2 AND b2))",
    "accuracy": 1.0,
    "stored_as": "SPARC_UGC07125_b5"
  },
  "bit6": {
    "gene": "((a1 XOR b6) OR (a2 XOR a5))",
    "accuracy": 1.0,
    "stored_as": "SPARC_UGC07125_b6"
  },
  "bit7": {
    "gene": "(a1 OR (a4 XOR a5))",
    "accuracy": 1.0,
    "stored_as": "SPARC_UGC07125_b7"
  }
}