{
  "bit0": {
    "gene": "RippleAdderSumBit[5]: (a5 XOR b5) XOR carry_in(5)",
    "accuracy": 1.0,
    "stored_as": "SPARC_UGC00634_b0"
  },
  "bit1": {
    "gene": "(NOT(a0) OR a1)",
    "accuracy": 1.0,
    "stored_as": "SPARC_UGC00634_b1"
  },
  "bit2": {
    "gene": "Out[i] = b0[i] OR Out[i]",
    "accuracy": 1.0,
    "stored_as": "SPARC_UGC00634_b2"
  },
  "bit3": {
    "gene": "(NOT(a0) OR a1)",
    "accuracy": 1.0,
    "stored_as": "SPARC_UGC00634_b3"
  },
  "bit4": {
    "gene": "(NOT(a0) OR a1)",
    "accuracy": 1.0,
    "stored_as": "SPARC_UGC00634_b4"
  },
  "bit5": {
    "gene": "(NOT(a0) OR a1)",
    "accuracy": 1.0,
    "stored_as": "SPARC_UGC00634_b5"
  },
  "bit6": {
    "gene": "RippleAdderSumBit[3]: (a3 XOR b3) XOR carry_in(3)",
    "accuracy": 1.0,
    "stored_as": "SPARC_UGC00634_b6"
  },
  "bit7": {
    "gene": "(NOT(a0) OR a1)",
    "accuracy": 1.0,
    "stored_as": "SPARC_UGC00634_b7"
  }
}