{
  "bit0": {
    "gene": "(a5 XNOR (a2 OR b5))",
    "accuracy": 1.0,
    "stored_as": "SPARC_UGC02916_b0"
  },
  "bit1": {
    "gene": "(((a1 XOR a4) XOR (a5 XOR b6)) OR (a0 AND (a3 AND a6)))",
    "accuracy": 1.0,
    "stored_as": "SPARC_UGC02916_b1"
  },
  "bit2": {
    "gene": "((a0 OR b0) XOR (a3 XNOR b4))",
    "accuracy": 1.0,
    "stored_as": "SPARC_UGC02916_b2"
  },
  "bit3": {
    "gene": "((a3 OR b4) XOR (b3 XNOR b7))",
    "accuracy": 1.0,
    "stored_as": "SPARC_UGC02916_b3"
  },
  "bit4": {
    "gene": "((b0 AND b1) OR ((b0 OR b1) AND (a7 AND b5)))",
    "accuracy": 1.0,
    "stored_as": "SPARC_UGC02916_b4"
  },
  "bit5": {
    "gene": "((a1 OR b0) XOR (a6 AND b1))",
    "accuracy": 1.0,
    "stored_as": "SPARC_UGC02916_b5"
  },
  "bit6": {
    "gene": "((b1 OR (a0 AND a2)) XOR (a0 AND b7))",
    "accuracy": 1.0,
    "stored_as": "SPARC_UGC02916_b6"
  },
  "bit7": {
    "gene": "(a6 OR a7)",
    "accuracy": 1.0,
    "stored_as": "SPARC_UGC02916_b7"
  }
}