{
  "bit0": {
    "gene": "(a2 XOR b5)",
    "accuracy": 1.0,
    "stored_as": "SPARC_UGC07608_b0"
  },
  "bit1": {
    "gene": "RippleAdderSumBit[4]: (a4 XOR b4) XOR carry_in(4)",
    "accuracy": 1.0,
    "stored_as": "SPARC_UGC07608_b1"
  },
  "bit2": {
    "gene": "(b0 XOR b3)",
    "accuracy": 1.0,
    "stored_as": "SPARC_UGC07608_b2"
  },
  "bit3": {
    "gene": "(a0 OR a5)",
    "accuracy": 1.0,
    "stored_as": "SPARC_UGC07608_b3"
  },
  "bit4": {
    "gene": "(a5 AND a7)",
    "accuracy": 1.0,
    "stored_as": "SPARC_UGC07608_b4"
  },
  "bit5": {
    "gene": "(a0 XOR b5)",
    "accuracy": 1.0,
    "stored_as": "SPARC_UGC07608_b5"
  },
  "bit6": {
    "gene": "Out[i] = b1[i] OR Out[i]",
    "accuracy": 1.0,
    "stored_as": "SPARC_UGC07608_b6"
  },
  "bit7": {
    "gene": "RippleAdderSumBit[5]: (a5 XOR b5) XOR carry_in(5)",
    "accuracy": 1.0,
    "stored_as": "SPARC_UGC07608_b7"
  }
}