{
  "bit0": {
    "gene": "(a3 XNOR (b0 OR b2))",
    "accuracy": 1.0,
    "stored_as": "SPARC_UGC02885_b0"
  },
  "bit1": {
    "gene": "(b7 OR (a2 XOR b1))",
    "accuracy": 1.0,
    "stored_as": "SPARC_UGC02885_b1"
  },
  "bit2": {
    "gene": "(a7 XOR (a5 AND (a6 AND b4)))",
    "accuracy": 1.0,
    "stored_as": "SPARC_UGC02885_b2"
  },
  "bit3": {
    "gene": "((a4 OR b2) XOR (a6 AND b1))",
    "accuracy": 1.0,
    "stored_as": "SPARC_UGC02885_b3"
  },
  "bit4": {
    "gene": "((a1 OR b2) XOR (a3 AND a7))",
    "accuracy": 1.0,
    "stored_as": "SPARC_UGC02885_b4"
  },
  "bit5": {
    "gene": "((a2 AND NOT(b1)) OR ((a2 XNOR b1) AND (a7 AND NOT(a5))))",
    "accuracy": 1.0,
    "stored_as": "SPARC_UGC02885_b5"
  },
  "bit6": {
    "gene": "((b2 XOR (a1 OR a3)) XOR (a2 AND b4))",
    "accuracy": 1.0,
    "stored_as": "SPARC_UGC02885_b6"
  },
  "bit7": {
    "gene": "(b7 OR (a5 XOR b1))",
    "accuracy": 1.0,
    "stored_as": "SPARC_UGC02885_b7"
  }
}