{
  "bit0": {
    "gene": "(a0 AND (a1 XOR a4))",
    "accuracy": 1.0,
    "stored_as": "SPARC_UGC06399_b0"
  },
  "bit1": {
    "gene": "(a1 XOR (a4 XOR b6))",
    "accuracy": 1.0,
    "stored_as": "SPARC_UGC06399_b1"
  },
  "bit2": {
    "gene": "(a0 XOR (a6 XOR b5))",
    "accuracy": 1.0,
    "stored_as": "SPARC_UGC06399_b2"
  },
  "bit3": {
    "gene": "(a0 AND b7)",
    "accuracy": 1.0,
    "stored_as": "SPARC_UGC06399_b3"
  },
  "bit4": {
    "gene": "(a1 OR a2)",
    "accuracy": 1.0,
    "stored_as": "SPARC_UGC06399_b4"
  },
  "bit5": {
    "gene": "(a4 AND a6)",
    "accuracy": 1.0,
    "stored_as": "SPARC_UGC06399_b5"
  },
  "bit6": {
    "gene": "Out[i] = a5[i] OR Out[i]",
    "accuracy": 1.0,
    "stored_as": "SPARC_UGC06399_b6"
  },
  "bit7": {
    "gene": "Out[i] = a7[i] OR Out[i]",
    "accuracy": 1.0,
    "stored_as": "SPARC_UGC06399_b7"
  }
}