{
  "bit0": {
    "gene": "(a6 XOR (b0 XOR b5))",
    "accuracy": 1.0,
    "stored_as": "SPARC_UGC05005_b0"
  },
  "bit1": {
    "gene": "((a0 XOR a1) AND (a3 OR b6))",
    "accuracy": 1.0,
    "stored_as": "SPARC_UGC05005_b1"
  },
  "bit2": {
    "gene": "(b2 OR b7)",
    "accuracy": 1.0,
    "stored_as": "SPARC_UGC05005_b2"
  },
  "bit3": {
    "gene": "(a1 OR (a0 XOR a3))",
    "accuracy": 1.0,
    "stored_as": "SPARC_UGC05005_b3"
  },
  "bit4": {
    "gene": "(a0 XOR (a1 OR b1))",
    "accuracy": 1.0,
    "stored_as": "SPARC_UGC05005_b4"
  },
  "bit5": {
    "gene": "(b2 OR b7)",
    "accuracy": 1.0,
    "stored_as": "SPARC_UGC05005_b5"
  },
  "bit6": {
    "gene": "RippleAdderSumBit[7]: (a7 XOR b7) XOR carry_in(7)",
    "accuracy": 1.0,
    "stored_as": "SPARC_UGC05005_b6"
  },
  "bit7": {
    "gene": "RippleAdderCout[8]: carry_out(8)",
    "accuracy": 1.0,
    "stored_as": "SPARC_UGC05005_b7"
  }
}