{
  "bit0": {
    "gene": "((a0 XOR a2) XOR (b3 AND b4))",
    "accuracy": 1.0,
    "stored_as": "SPARC_UGC06786_b0"
  },
  "bit1": {
    "gene": "((a4 AND b5) XOR (b0 XOR b1))",
    "accuracy": 1.0,
    "stored_as": "SPARC_UGC06786_b1"
  },
  "bit2": {
    "gene": "((b0 AND (a1 XOR a7)) OR (b5 AND b7))",
    "accuracy": 1.0,
    "stored_as": "SPARC_UGC06786_b2"
  },
  "bit3": {
    "gene": "((a0 AND a4) XOR (a6 XOR b6))",
    "accuracy": 1.0,
    "stored_as": "SPARC_UGC06786_b3"
  },
  "bit4": {
    "gene": "(a3 XOR NOT(a4))",
    "accuracy": 1.0,
    "stored_as": "SPARC_UGC06786_b4"
  },
  "bit5": {
    "gene": "(b4 XOR (a0 AND b6))",
    "accuracy": 1.0,
    "stored_as": "SPARC_UGC06786_b5"
  },
  "bit6": {
    "gene": "(a2 OR (a0 AND b5))",
    "accuracy": 1.0,
    "stored_as": "SPARC_UGC06786_b6"
  },
  "bit7": {
    "gene": "(b2 OR (a5 XNOR b5))",
    "accuracy": 1.0,
    "stored_as": "SPARC_UGC06786_b7"
  }
}