{
  "bit0": {
    "gene": "(a2 XOR a6)",
    "accuracy": 1.0,
    "stored_as": "SPARC_UGC05918_b0"
  },
  "bit1": {
    "gene": "(a0 XOR a6)",
    "accuracy": 1.0,
    "stored_as": "SPARC_UGC05918_b1"
  },
  "bit2": {
    "gene": "(a4 AND a5)",
    "accuracy": 1.0,
    "stored_as": "SPARC_UGC05918_b2"
  },
  "bit3": {
    "gene": "(a5 AND a6)",
    "accuracy": 1.0,
    "stored_as": "SPARC_UGC05918_b3"
  },
  "bit4": {
    "gene": "(a0 XOR (a4 OR b0))",
    "accuracy": 1.0,
    "stored_as": "SPARC_UGC05918_b4"
  },
  "bit5": {
    "gene": "(a0 XOR a1)",
    "accuracy": 1.0,
    "stored_as": "SPARC_UGC05918_b5"
  },
  "bit6": {
    "gene": "(b1 OR b4)",
    "accuracy": 1.0,
    "stored_as": "SPARC_UGC05918_b6"
  },
  "bit7": {
    "gene": "(a1 OR a4)",
    "accuracy": 1.0,
    "stored_as": "SPARC_UGC05918_b7"
  }
}