{
  "bit0": {
    "gene": "(a1 AND NOT(b1))",
    "accuracy": 1.0,
    "stored_as": "SPARC_UGC06930_b0"
  },
  "bit1": {
    "gene": "(b5 OR b6)",
    "accuracy": 1.0,
    "stored_as": "SPARC_UGC06930_b1"
  },
  "bit2": {
    "gene": "(a0 XOR (a4 OR b7))",
    "accuracy": 1.0,
    "stored_as": "SPARC_UGC06930_b2"
  },
  "bit3": {
    "gene": "(a2 XOR (b2 XOR b3))",
    "accuracy": 1.0,
    "stored_as": "SPARC_UGC06930_b3"
  },
  "bit4": {
    "gene": "(a0 XOR (a2 XOR b6))",
    "accuracy": 1.0,
    "stored_as": "SPARC_UGC06930_b4"
  },
  "bit5": {
    "gene": "(a2 OR a3)",
    "accuracy": 1.0,
    "stored_as": "SPARC_UGC06930_b5"
  },
  "bit6": {
    "gene": "RippleAdderCout[8]: carry_out(8)",
    "accuracy": 1.0,
    "stored_as": "SPARC_UGC06930_b6"
  },
  "bit7": {
    "gene": "(a0 OR a1)",
    "accuracy": 1.0,
    "stored_as": "SPARC_UGC06930_b7"
  }
}