{
  "bit0": {
    "gene": "(a3 XOR b1)",
    "accuracy": 1.0,
    "stored_as": "SPARC_UGC07866_b0"
  },
  "bit1": {
    "gene": "RippleAdderSumBit[2]: (a2 XOR b2) XOR carry_in(2)",
    "accuracy": 1.0,
    "stored_as": "SPARC_UGC07866_b1"
  },
  "bit2": {
    "gene": "(a0 XOR (a6 XOR b0))",
    "accuracy": 1.0,
    "stored_as": "SPARC_UGC07866_b2"
  },
  "bit3": {
    "gene": "(b0 XOR b7)",
    "accuracy": 1.0,
    "stored_as": "SPARC_UGC07866_b3"
  },
  "bit4": {
    "gene": "RippleAdderSumBit[5]: (a5 XOR b5) XOR carry_in(5)",
    "accuracy": 1.0,
    "stored_as": "SPARC_UGC07866_b4"
  },
  "bit5": {
    "gene": "(a4 AND b7)",
    "accuracy": 1.0,
    "stored_as": "SPARC_UGC07866_b5"
  },
  "bit6": {
    "gene": "RippleAdderSumBit[3]: (a3 XOR b3) XOR carry_in(3)",
    "accuracy": 1.0,
    "stored_as": "SPARC_UGC07866_b6"
  },
  "bit7": {
    "gene": "RippleAdderCout[8]: carry_out(8)",
    "accuracy": 1.0,
    "stored_as": "SPARC_UGC07866_b7"
  }
}