{
  "bit0": {
    "gene": "(a0 OR b3)",
    "accuracy": 1.0,
    "stored_as": "SPARC_UGC03205_b0"
  },
  "bit1": {
    "gene": "((a3 AND a6) XOR (a4 XOR b6))",
    "accuracy": 1.0,
    "stored_as": "SPARC_UGC03205_b1"
  },
  "bit2": {
    "gene": "(a5 XOR (a1 AND (a2 AND a3)))",
    "accuracy": 1.0,
    "stored_as": "SPARC_UGC03205_b2"
  },
  "bit3": {
    "gene": "(a5 OR b3)",
    "accuracy": 1.0,
    "stored_as": "SPARC_UGC03205_b3"
  },
  "bit4": {
    "gene": "((a0 XOR a1) OR (a3 XOR b2))",
    "accuracy": 1.0,
    "stored_as": "SPARC_UGC03205_b4"
  },
  "bit5": {
    "gene": "((a0 OR b6) XOR (a2 OR b1))",
    "accuracy": 1.0,
    "stored_as": "SPARC_UGC03205_b5"
  },
  "bit6": {
    "gene": "(a2 OR a4)",
    "accuracy": 1.0,
    "stored_as": "SPARC_UGC03205_b6"
  },
  "bit7": {
    "gene": "(a5 OR b3)",
    "accuracy": 1.0,
    "stored_as": "SPARC_UGC03205_b7"
  }
}