{
  "bit0": {
    "gene": "(((a0 XOR a5) XOR (a3 AND b2)) XOR (a1 AND (a0 XOR b6)))",
    "accuracy": 1.0,
    "stored_as": "SPARC_UGC06446_b0"
  },
  "bit1": {
    "gene": "((a3 AND b4) XOR (b1 OR b2))",
    "accuracy": 1.0,
    "stored_as": "SPARC_UGC06446_b1"
  },
  "bit2": {
    "gene": "((a2 XOR (a6 AND b0)) OR (a0 AND (a7 XOR b3)))",
    "accuracy": 1.0,
    "stored_as": "SPARC_UGC06446_b2"
  },
  "bit3": {
    "gene": "(a0 OR (a2 XOR b3))",
    "accuracy": 1.0,
    "stored_as": "SPARC_UGC06446_b3"
  },
  "bit4": {
    "gene": "((a3 AND b5) XOR (a4 AND b6))",
    "accuracy": 1.0,
    "stored_as": "SPARC_UGC06446_b4"
  },
  "bit5": {
    "gene": "(a0 XOR (a6 XOR b6))",
    "accuracy": 1.0,
    "stored_as": "SPARC_UGC06446_b5"
  },
  "bit6": {
    "gene": "(b7 OR (a3 XOR b1))",
    "accuracy": 1.0,
    "stored_as": "SPARC_UGC06446_b6"
  },
  "bit7": {
    "gene": "(a0 OR a7)",
    "accuracy": 1.0,
    "stored_as": "SPARC_UGC06446_b7"
  }
}