{
  "bit0": {
    "gene": "(a7 AND (a0 XNOR a6))",
    "accuracy": 1.0,
    "stored_as": "SPARC_UGC06983_b0"
  },
  "bit1": {
    "gene": "((a3 OR b6) XOR (b4 OR b7))",
    "accuracy": 1.0,
    "stored_as": "SPARC_UGC06983_b1"
  },
  "bit2": {
    "gene": "(b1 XOR (a3 OR a4))",
    "accuracy": 1.0,
    "stored_as": "SPARC_UGC06983_b2"
  },
  "bit3": {
    "gene": "((a1 AND a7) OR (b1 AND b4))",
    "accuracy": 1.0,
    "stored_as": "SPARC_UGC06983_b3"
  },
  "bit4": {
    "gene": "((a7 AND (b0 XNOR b7)) XOR (a2 AND (b5 AND b7)))",
    "accuracy": 1.0,
    "stored_as": "SPARC_UGC06983_b4"
  },
  "bit5": {
    "gene": "((a0 OR b1) XNOR (b5 OR b7))",
    "accuracy": 1.0,
    "stored_as": "SPARC_UGC06983_b5"
  },
  "bit6": {
    "gene": "(b7 OR (b0 AND b6))",
    "accuracy": 1.0,
    "stored_as": "SPARC_UGC06983_b6"
  },
  "bit7": {
    "gene": "(a2 OR (a0 XNOR a3))",
    "accuracy": 1.0,
    "stored_as": "SPARC_UGC06983_b7"
  }
}