{
  "bit0": {
    "gene": "(((a0 OR b4) XOR (a2 AND b6)) XOR (a4 AND (a2 XOR a5)))",
    "accuracy": 1.0,
    "stored_as": "SPARC_UGC08286_b0"
  },
  "bit1": {
    "gene": "((a1 XOR b4) OR (b6 AND b7))",
    "accuracy": 1.0,
    "stored_as": "SPARC_UGC08286_b1"
  },
  "bit2": {
    "gene": "(((a0 OR a4) XOR (a2 OR b4)) OR (a2 AND (a6 XOR a7)))",
    "accuracy": 1.0,
    "stored_as": "SPARC_UGC08286_b2"
  },
  "bit3": {
    "gene": "(a1 XOR (a2 AND (a3 AND a4)))",
    "accuracy": 1.0,
    "stored_as": "SPARC_UGC08286_b3"
  },
  "bit4": {
    "gene": "((a0 OR a1) XOR (a6 XOR b1))",
    "accuracy": 1.0,
    "stored_as": "SPARC_UGC08286_b4"
  },
  "bit5": {
    "gene": "(b1 AND (a4 OR b7))",
    "accuracy": 1.0,
    "stored_as": "SPARC_UGC08286_b5"
  },
  "bit6": {
    "gene": "(a7 OR b4)",
    "accuracy": 1.0,
    "stored_as": "SPARC_UGC08286_b6"
  },
  "bit7": {
    "gene": "(a1 OR a5)",
    "accuracy": 1.0,
    "stored_as": "SPARC_UGC08286_b7"
  }
}