{
  "bit0": {
    "gene": "((a1 XOR (a4 AND a7)) XOR (a1 AND b7))",
    "accuracy": 1.0,
    "stored_as": "SPARC_UGC03546_b0"
  },
  "bit1": {
    "gene": "((a1 XOR b4) XNOR (a6 OR b6))",
    "accuracy": 1.0,
    "stored_as": "SPARC_UGC03546_b1"
  },
  "bit2": {
    "gene": "((a2 XOR b5) AND (a4 OR a5))",
    "accuracy": 1.0,
    "stored_as": "SPARC_UGC03546_b2"
  },
  "bit3": {
    "gene": "(a6 XOR (b0 OR b4))",
    "accuracy": 1.0,
    "stored_as": "SPARC_UGC03546_b3"
  },
  "bit4": {
    "gene": "((a2 XOR b1) XNOR (a6 OR a7))",
    "accuracy": 1.0,
    "stored_as": "SPARC_UGC03546_b4"
  },
  "bit5": {
    "gene": "(a4 XNOR (a3 OR b5))",
    "accuracy": 1.0,
    "stored_as": "SPARC_UGC03546_b5"
  },
  "bit6": {
    "gene": "(a7 AND (a0 OR a4))",
    "accuracy": 1.0,
    "stored_as": "SPARC_UGC03546_b6"
  },
  "bit7": {
    "gene": "(a6 AND a7)",
    "accuracy": 1.0,
    "stored_as": "SPARC_UGC03546_b7"
  }
}