{
  "bit0": {
    "gene": "(a0 AND a1)",
    "accuracy": 1.0,
    "stored_as": "SPARC_UGC07603_b0"
  },
  "bit1": {
    "gene": "(b0 XOR (a1 OR b3))",
    "accuracy": 1.0,
    "stored_as": "SPARC_UGC07603_b1"
  },
  "bit2": {
    "gene": "(a1 AND a5)",
    "accuracy": 1.0,
    "stored_as": "SPARC_UGC07603_b2"
  },
  "bit3": {
    "gene": "Out[i] = b1[i] OR Out[i]",
    "accuracy": 1.0,
    "stored_as": "SPARC_UGC07603_b3"
  },
  "bit4": {
    "gene": "(a0 XOR (a5 AND a6))",
    "accuracy": 1.0,
    "stored_as": "SPARC_UGC07603_b4"
  },
  "bit5": {
    "gene": "(a0 OR (a1 XOR a7))",
    "accuracy": 1.0,
    "stored_as": "SPARC_UGC07603_b5"
  },
  "bit6": {
    "gene": "(a0 OR a4)",
    "accuracy": 1.0,
    "stored_as": "SPARC_UGC07603_b6"
  },
  "bit7": {
    "gene": "(a2 OR b0)",
    "accuracy": 1.0,
    "stored_as": "SPARC_UGC07603_b7"
  }
}