{
  "bit0": {
    "gene": "((a0 XOR a7) XNOR (a2 AND b5))",
    "accuracy": 1.0,
    "stored_as": "SPARC_UGC06614_b0"
  },
  "bit1": {
    "gene": "(a0 OR (a4 OR b6))",
    "accuracy": 1.0,
    "stored_as": "SPARC_UGC06614_b1"
  },
  "bit2": {
    "gene": "(a0 OR (a2 XOR b3))",
    "accuracy": 1.0,
    "stored_as": "SPARC_UGC06614_b2"
  },
  "bit3": {
    "gene": "((a0 XOR b1) XOR (a1 OR b4))",
    "accuracy": 1.0,
    "stored_as": "SPARC_UGC06614_b3"
  },
  "bit4": {
    "gene": "(b4 AND b5)",
    "accuracy": 1.0,
    "stored_as": "SPARC_UGC06614_b4"
  },
  "bit5": {
    "gene": "(a5 OR NOT(a7))",
    "accuracy": 1.0,
    "stored_as": "SPARC_UGC06614_b5"
  },
  "bit6": {
    "gene": "Out[i] = b7[i] OR Out[i]",
    "accuracy": 1.0,
    "stored_as": "SPARC_UGC06614_b6"
  },
  "bit7": {
    "gene": "(a5 OR NOT(a7))",
    "accuracy": 1.0,
    "stored_as": "SPARC_UGC06614_b7"
  }
}