{
  "bit0": {
    "gene": "(a4 AND b5)",
    "accuracy": 1.0,
    "stored_as": "SPARC_UGC11557_b0"
  },
  "bit1": {
    "gene": "(b0 AND (a0 XNOR a5))",
    "accuracy": 1.0,
    "stored_as": "SPARC_UGC11557_b1"
  },
  "bit2": {
    "gene": "(b1 XOR (b0 AND b2))",
    "accuracy": 1.0,
    "stored_as": "SPARC_UGC11557_b2"
  },
  "bit3": {
    "gene": "(b1 XOR (a2 AND b4))",
    "accuracy": 1.0,
    "stored_as": "SPARC_UGC11557_b3"
  },
  "bit4": {
    "gene": "(a5 XOR (b2 OR b5))",
    "accuracy": 1.0,
    "stored_as": "SPARC_UGC11557_b4"
  },
  "bit5": {
    "gene": "(a2 OR a4)",
    "accuracy": 1.0,
    "stored_as": "SPARC_UGC11557_b5"
  },
  "bit6": {
    "gene": "(b1 AND (a5 OR b5))",
    "accuracy": 1.0,
    "stored_as": "SPARC_UGC11557_b6"
  },
  "bit7": {
    "gene": "(a3 OR b6)",
    "accuracy": 1.0,
    "stored_as": "SPARC_UGC11557_b7"
  }
}