{
  "bit0": {
    "gene": "(a6 XOR b2)",
    "accuracy": 1.0,
    "stored_as": "SPARC_UGC11820_b0"
  },
  "bit1": {
    "gene": "(a7 OR b1)",
    "accuracy": 1.0,
    "stored_as": "SPARC_UGC11820_b1"
  },
  "bit2": {
    "gene": "(a2 XOR (a4 XOR b0))",
    "accuracy": 1.0,
    "stored_as": "SPARC_UGC11820_b2"
  },
  "bit3": {
    "gene": "(a1 XOR (a3 OR a4))",
    "accuracy": 1.0,
    "stored_as": "SPARC_UGC11820_b3"
  },
  "bit4": {
    "gene": "(a6 AND b1)",
    "accuracy": 1.0,
    "stored_as": "SPARC_UGC11820_b4"
  },
  "bit5": {
    "gene": "(a2 XOR b0)",
    "accuracy": 1.0,
    "stored_as": "SPARC_UGC11820_b5"
  },
  "bit6": {
    "gene": "(b3 OR b7)",
    "accuracy": 1.0,
    "stored_as": "SPARC_UGC11820_b6"
  },
  "bit7": {
    "gene": "RippleAdderCout[8]: carry_out(8)",
    "accuracy": 1.0,
    "stored_as": "SPARC_UGC11820_b7"
  }
}