{
  "bit0": {
    "gene": "(b4 XOR (a1 AND (a5 AND a6)))",
    "accuracy": 1.0,
    "stored_as": "SPARC_UGC12632_b0"
  },
  "bit1": {
    "gene": "((a1 XOR (b1 XOR b3)) OR (a4 AND b0))",
    "accuracy": 1.0,
    "stored_as": "SPARC_UGC12632_b1"
  },
  "bit2": {
    "gene": "((a0 XOR a4) OR (a5 AND a7))",
    "accuracy": 1.0,
    "stored_as": "SPARC_UGC12632_b2"
  },
  "bit3": {
    "gene": "((a3 XOR a7) XOR (a5 AND b2))",
    "accuracy": 1.0,
    "stored_as": "SPARC_UGC12632_b3"
  },
  "bit4": {
    "gene": "((a1 OR NOT(a3)) AND (a3 OR b1))",
    "accuracy": 1.0,
    "stored_as": "SPARC_UGC12632_b4"
  },
  "bit5": {
    "gene": "(a6 OR (a1 AND a4))",
    "accuracy": 1.0,
    "stored_as": "SPARC_UGC12632_b5"
  },
  "bit6": {
    "gene": "(a3 OR (a6 XOR b0))",
    "accuracy": 1.0,
    "stored_as": "SPARC_UGC12632_b6"
  },
  "bit7": {
    "gene": "Out[i] = a7[i] OR Out[i]",
    "accuracy": 1.0,
    "stored_as": "SPARC_UGC12632_b7"
  }
}