{
  "bit0": {
    "gene": "((a1 XNOR b0) AND (a3 XOR b6))",
    "accuracy": 1.0,
    "stored_as": "SPARC_UGC12732_b0"
  },
  "bit1": {
    "gene": "(((a0 XOR a5) XOR (a6 XOR a7)) XOR (b3 XOR b7))",
    "accuracy": 1.0,
    "stored_as": "SPARC_UGC12732_b1"
  },
  "bit2": {
    "gene": "((a0 XOR b1) OR (b3 XOR b4))",
    "accuracy": 1.0,
    "stored_as": "SPARC_UGC12732_b2"
  },
  "bit3": {
    "gene": "((a0 XOR (b5 OR b6)) OR (a3 AND (a4 XOR b4)))",
    "accuracy": 1.0,
    "stored_as": "SPARC_UGC12732_b3"
  },
  "bit4": {
    "gene": "((a1 XOR a2) OR (a3 AND b2))",
    "accuracy": 1.0,
    "stored_as": "SPARC_UGC12732_b4"
  },
  "bit5": {
    "gene": "((a0 AND a1) OR (a2 XOR b0))",
    "accuracy": 1.0,
    "stored_as": "SPARC_UGC12732_b5"
  },
  "bit6": {
    "gene": "((a6 OR NOT(b6)) AND (b6 OR b5))",
    "accuracy": 1.0,
    "stored_as": "SPARC_UGC12732_b6"
  },
  "bit7": {
    "gene": "(b6 OR b7)",
    "accuracy": 1.0,
    "stored_as": "SPARC_UGC12732_b7"
  }
}