{
  "bit0": {
    "gene": "(a1 AND (a2 OR a7))",
    "accuracy": 1.0,
    "stored_as": "SPARC_UGC11914_b0"
  },
  "bit1": {
    "gene": "((a0 XOR a6) OR (a3 XOR b3))",
    "accuracy": 1.0,
    "stored_as": "SPARC_UGC11914_b1"
  },
  "bit2": {
    "gene": "((a0 XOR b0) XOR (b3 AND b5))",
    "accuracy": 1.0,
    "stored_as": "SPARC_UGC11914_b2"
  },
  "bit3": {
    "gene": "((a1 AND b2) AND (b5 XNOR b6))",
    "accuracy": 1.0,
    "stored_as": "SPARC_UGC11914_b3"
  },
  "bit4": {
    "gene": "((b7 OR (a2 XOR b6)) OR (a0 AND a3))",
    "accuracy": 1.0,
    "stored_as": "SPARC_UGC11914_b4"
  },
  "bit5": {
    "gene": "((b5 XOR (a1 AND a2)) XOR (b6 AND (a2 XOR a7)))",
    "accuracy": 1.0,
    "stored_as": "SPARC_UGC11914_b5"
  },
  "bit6": {
    "gene": "Out[i] = a6[i] OR Out[i]",
    "accuracy": 1.0,
    "stored_as": "SPARC_UGC11914_b6"
  },
  "bit7": {
    "gene": "(a3 OR a7)",
    "accuracy": 1.0,
    "stored_as": "SPARC_UGC11914_b7"
  }
}