{
  "bit0": {
    "gene": "(a1 XOR (a2 OR b0))",
    "accuracy": 1.0,
    "stored_as": "SPARC_UGCA281_b0"
  },
  "bit1": {
    "gene": "Out[i] = b4[i] OR Out[i]",
    "accuracy": 1.0,
    "stored_as": "SPARC_UGCA281_b1"
  },
  "bit2": {
    "gene": "Out[i] = b4[i] OR Out[i]",
    "accuracy": 1.0,
    "stored_as": "SPARC_UGCA281_b2"
  },
  "bit3": {
    "gene": "(a2 XOR (a4 XOR b5))",
    "accuracy": 1.0,
    "stored_as": "SPARC_UGCA281_b3"
  },
  "bit4": {
    "gene": "(a4 XOR b0)",
    "accuracy": 1.0,
    "stored_as": "SPARC_UGCA281_b4"
  },
  "bit5": {
    "gene": "Out[i] = a2[i] OR Out[i]",
    "accuracy": 1.0,
    "stored_as": "SPARC_UGCA281_b5"
  },
  "bit6": {
    "gene": "(a2 OR b3)",
    "accuracy": 1.0,
    "stored_as": "SPARC_UGCA281_b6"
  },
  "bit7": {
    "gene": "RippleAdderCout[8]: carry_out(8)",
    "accuracy": 1.0,
    "stored_as": "SPARC_UGCA281_b7"
  }
}