galaxy,n_points,mode,scaling,exact_match_pct,rmse_km_s,rmse_newton_km_s,bit0_acc,bit1_acc,bit2_acc,bit3_acc,bit4_acc,bit5_acc,bit6_acc,bit7_acc
CamB,9,macros,m33,33.33,10.47,4.62,88.89,88.89,66.67,66.67,66.67,100.0,100.0,100.0
CamB,9,highbits,m33,0.0,7.26,4.62,55.56,44.44,44.44,44.44,55.56,22.22,100.0,100.0
CamB,9,max-latch,m33,0.0,7.17,4.62,55.56,33.33,44.44,55.56,55.56,22.22,100.0,100.0
CamB,9,hybrid,m33,0.0,7.17,4.62,55.56,33.33,44.44,55.56,55.56,22.22,100.0,100.0
D512-2,4,macros,m33,0.0,10.07,12.49,75.0,25.0,50.0,50.0,25.0,0.0,75.0,100.0
D512-2,4,highbits,m33,0.0,9.63,12.49,75.0,50.0,75.0,75.0,0.0,25.0,75.0,100.0
D512-2,4,max-latch,m33,0.0,7.5,12.49,75.0,0.0,75.0,75.0,0.0,25.0,25.0,100.0
D512-2,4,hybrid,m33,0.0,9.6,12.49,75.0,0.0,75.0,75.0,0.0,25.0,75.0,100.0
D564-8,6,macros,m33,0.0,11.16,10.05,50.0,33.33,66.67,66.67,50.0,66.67,83.33,100.0
D564-8,6,highbits,m33,0.0,9.34,10.05,100.0,50.0,66.67,33.33,33.33,50.0,83.33,100.0
D564-8,6,max-latch,m33,0.0,10.08,10.05,66.67,66.67,50.0,50.0,50.0,66.67,100.0,100.0
D564-8,6,hybrid,m33,0.0,9.28,10.05,66.67,66.67,50.0,50.0,50.0,66.67,83.33,100.0
D631-7,16,macros,m33,0.0,33.98,24.59,31.25,56.25,62.5,56.25,68.75,43.75,43.75,100.0
D631-7,16,highbits,m33,0.0,31.11,24.59,56.25,50.0,56.25,56.25,56.25,43.75,43.75,100.0
D631-7,16,max-latch,m33,6.25,20.57,24.59,68.75,68.75,43.75,43.75,62.5,56.25,75.0,100.0
D631-7,16,hybrid,m33,0.0,27.92,24.59,68.75,68.75,43.75,43.75,62.5,56.25,43.75,100.0
DDO064,14,macros,m33,7.14,25.1,14.59,71.43,71.43,64.29,64.29,35.71,85.71,64.29,100.0
DDO064,14,highbits,m33,7.14,21.25,14.59,35.71,64.29,64.29,50.0,35.71,50.0,64.29,100.0
DDO064,14,max-latch,m33,7.14,18.31,14.59,35.71,64.29,64.29,50.0,35.71,50.0,92.86,100.0
DDO064,14,hybrid,m33,7.14,21.25,14.59,35.71,64.29,64.29,50.0,35.71,50.0,64.29,100.0
DDO154,12,macros,m33,0.0,26.69,22.68,66.67,50.0,41.67,50.0,50.0,83.33,33.33,100.0
DDO154,12,highbits,m33,0.0,22.21,22.68,50.0,41.67,58.33,50.0,50.0,41.67,33.33,100.0
DDO154,12,max-latch,m33,0.0,18.98,22.68,58.33,58.33,50.0,58.33,41.67,66.67,83.33,100.0
DDO154,12,hybrid,m33,0.0,24.57,22.68,58.33,58.33,50.0,58.33,41.67,66.67,33.33,100.0
DDO161,31,macros,m33,0.0,20.02,21.31,54.84,48.39,58.06,35.48,25.81,35.48,32.26,48.39
DDO161,31,highbits,m33,0.0,16.79,21.31,61.29,45.16,35.48,48.39,48.39,51.61,32.26,48.39
DDO161,31,max-latch,m33,0.0,15.86,21.31,58.06,67.74,29.03,38.71,35.48,35.48,12.9,32.26
DDO161,31,hybrid,m33,0.0,19.31,21.31,58.06,67.74,29.03,38.71,35.48,35.48,32.26,48.39
DDO168,10,macros,m33,0.0,22.58,18.77,70.0,60.0,50.0,40.0,50.0,50.0,100.0,100.0
DDO168,10,highbits,m33,0.0,17.99,18.77,30.0,40.0,40.0,40.0,50.0,20.0,100.0,100.0
DDO168,10,max-latch,m33,0.0,16.86,18.77,30.0,50.0,50.0,40.0,50.0,20.0,70.0,100.0
DDO168,10,hybrid,m33,0.0,17.95,18.77,30.0,50.0,50.0,40.0,50.0,20.0,100.0,100.0
DDO170,8,macros,m33,0.0,19.04,24.54,50.0,62.5,75.0,25.0,75.0,25.0,100.0,100.0
DDO170,8,highbits,m33,0.0,13.58,24.54,37.5,25.0,12.5,12.5,25.0,75.0,100.0,100.0
DDO170,8,max-latch,m33,0.0,13.47,24.54,37.5,25.0,25.0,12.5,37.5,75.0,87.5,100.0
DDO170,8,hybrid,m33,0.0,13.06,24.54,37.5,25.0,25.0,12.5,37.5,75.0,100.0,100.0
ESO079-G014,15,macros,m33,0.0,43.8,28.89,20.0,33.33,26.67,20.0,13.33,26.67,80.0,80.0
ESO079-G014,15,highbits,m33,53.33,62.37,28.89,80.0,80.0,86.67,80.0,86.67,73.33,80.0,80.0
ESO079-G014,15,max-latch,m33,53.33,62.37,28.89,80.0,80.0,86.67,80.0,86.67,73.33,80.0,80.0
ESO079-G014,15,hybrid,m33,53.33,62.37,28.89,80.0,80.0,86.67,80.0,86.67,73.33,80.0,80.0
ESO116-G012,15,macros,m33,0.0,18.76,34.26,46.67,53.33,46.67,53.33,33.33,86.67,66.67,86.67
ESO116-G012,15,highbits,m33,0.0,21.67,34.26,33.33,26.67,26.67,73.33,40.0,20.0,66.67,86.67
ESO116-G012,15,max-latch,m33,0.0,19.0,34.26,60.0,40.0,40.0,40.0,53.33,13.33,73.33,86.67
ESO116-G012,15,hybrid,m33,0.0,19.9,34.26,60.0,40.0,40.0,40.0,53.33,13.33,66.67,86.67
ESO444-G084,7,macros,m33,0.0,33.05,31.69,57.14,14.29,71.43,57.14,14.29,42.86,14.29,100.0
ESO444-G084,7,highbits,m33,0.0,29.93,31.69,28.57,14.29,42.86,28.57,57.14,71.43,14.29,100.0
ESO444-G084,7,max-latch,m33,0.0,21.36,31.69,28.57,42.86,57.14,42.86,71.43,57.14,100.0,100.0
ESO444-G084,7,hybrid,m33,0.0,30.62,31.69,28.57,42.86,57.14,42.86,71.43,57.14,14.29,100.0
ESO563-G021,30,macros,m33,0.0,80.36,62.94,3.33,13.33,10.0,3.33,10.0,6.67,93.33,96.67
ESO563-G021,30,highbits,m33,86.67,92.78,62.94,96.67,86.67,93.33,93.33,90.0,93.33,93.33,96.67
ESO563-G021,30,max-latch,m33,86.67,103.7,62.94,96.67,86.67,93.33,93.33,90.0,93.33,93.33,93.33
ESO563-G021,30,hybrid,m33,86.67,92.78,62.94,96.67,86.67,93.33,93.33,90.0,93.33,93.33,96.67
F561-1,6,macros,m33,0.0,9.2,4.42,16.67,66.67,50.0,50.0,50.0,83.33,16.67,16.67
F561-1,6,highbits,m33,0.0,7.9,4.42,50.0,50.0,33.33,66.67,66.67,83.33,16.67,16.67
F561-1,6,max-latch,m33,0.0,6.51,4.42,50.0,50.0,33.33,66.67,66.67,83.33,33.33,16.67
F561-1,6,hybrid,m33,0.0,7.9,4.42,50.0,50.0,33.33,66.67,66.67,83.33,16.67,16.67
F563-1,17,macros,m33,0.0,35.56,57.24,41.18,47.06,58.82,35.29,47.06,64.71,29.41,76.47
F563-1,17,highbits,m33,0.0,27.78,57.24,64.71,41.18,52.94,47.06,58.82,64.71,29.41,76.47
F563-1,17,max-latch,m33,0.0,27.3,57.24,58.82,47.06,64.71,47.06,58.82,64.71,35.29,76.47
F563-1,17,hybrid,m33,0.0,27.36,57.24,58.82,47.06,64.71,47.06,58.82,64.71,29.41,76.47
F563-V1,6,macros,m33,0.0,10.82,1.9,83.33,50.0,33.33,0.0,83.33,33.33,16.67,100.0
F563-V1,6,highbits,m33,0.0,9.06,1.9,50.0,33.33,0.0,50.0,83.33,83.33,16.67,100.0
F563-V1,6,max-latch,m33,0.0,8.03,1.9,50.0,33.33,0.0,50.0,83.33,83.33,16.67,100.0
F563-V1,6,hybrid,m33,0.0,9.06,1.9,50.0,33.33,0.0,50.0,83.33,83.33,16.67,100.0
F563-V2,10,macros,m33,0.0,33.14,51.07,20.0,50.0,80.0,30.0,60.0,40.0,70.0,100.0
F563-V2,10,highbits,m33,0.0,26.69,51.07,30.0,70.0,80.0,40.0,70.0,50.0,70.0,100.0
F563-V2,10,max-latch,m33,0.0,17.76,51.07,40.0,50.0,80.0,60.0,50.0,50.0,90.0,100.0
F563-V2,10,hybrid,m33,0.0,25.98,51.07,40.0,50.0,80.0,60.0,50.0,50.0,70.0,100.0
F565-V2,7,macros,m33,0.0,32.61,37.81,100.0,57.14,42.86,28.57,42.86,71.43,42.86,57.14
F565-V2,7,highbits,m33,0.0,24.86,37.81,42.86,71.43,57.14,71.43,71.43,14.29,42.86,57.14
F565-V2,7,max-latch,m33,0.0,22.69,37.81,42.86,71.43,57.14,71.43,71.43,14.29,57.14,57.14
F565-V2,7,hybrid,m33,0.0,24.86,37.81,42.86,71.43,57.14,71.43,71.43,14.29,42.86,57.14
F567-2,5,macros,m33,0.0,11.14,11.04,40.0,80.0,60.0,60.0,20.0,80.0,60.0,60.0
F567-2,5,highbits,m33,0.0,7.97,11.04,20.0,60.0,60.0,60.0,60.0,40.0,60.0,60.0
F567-2,5,max-latch,m33,0.0,8.73,11.04,20.0,40.0,60.0,40.0,60.0,40.0,40.0,60.0
F567-2,5,hybrid,m33,0.0,7.84,11.04,20.0,40.0,60.0,40.0,60.0,40.0,60.0,60.0
F568-1,12,macros,m33,0.0,25.47,59.47,33.33,50.0,41.67,25.0,41.67,33.33,58.33,91.67
F568-1,12,highbits,m33,8.33,16.65,59.47,50.0,50.0,25.0,50.0,50.0,50.0,58.33,91.67
F568-1,12,max-latch,m33,8.33,13.07,59.47,50.0,50.0,25.0,50.0,50.0,50.0,66.67,91.67
F568-1,12,hybrid,m33,8.33,16.65,59.47,50.0,50.0,25.0,50.0,50.0,50.0,58.33,91.67
F568-3,18,macros,m33,5.56,15.92,33.87,44.44,66.67,55.56,50.0,44.44,38.89,61.11,83.33
F568-3,18,highbits,m33,0.0,13.36,33.87,55.56,33.33,44.44,61.11,50.0,44.44,61.11,83.33
F568-3,18,max-latch,m33,0.0,11.59,33.87,55.56,33.33,44.44,61.11,50.0,44.44,50.0,83.33
F568-3,18,hybrid,m33,0.0,13.36,33.87,55.56,33.33,44.44,61.11,50.0,44.44,61.11,83.33
F568-V1,15,macros,m33,0.0,33.94,55.1,33.33,60.0,46.67,60.0,20.0,66.67,53.33,100.0
F568-V1,15,highbits,m33,0.0,19.26,55.1,46.67,53.33,26.67,53.33,53.33,26.67,53.33,100.0
F568-V1,15,max-latch,m33,0.0,19.88,55.1,60.0,53.33,26.67,53.33,60.0,20.0,53.33,100.0
F568-V1,15,hybrid,m33,0.0,21.58,55.1,60.0,53.33,26.67,53.33,60.0,20.0,53.33,100.0
F571-8,13,macros,m33,0.0,33.06,47.87,30.77,30.77,23.08,30.77,46.15,30.77,76.92,76.92
F571-8,13,highbits,m33,15.38,52.39,47.87,69.23,61.54,69.23,53.85,61.54,69.23,76.92,76.92
F571-8,13,max-latch,m33,23.08,55.64,47.87,69.23,69.23,84.62,69.23,61.54,76.92,76.92,69.23
F571-8,13,hybrid,m33,30.77,51.98,47.87,69.23,69.23,84.62,69.23,61.54,76.92,76.92,76.92
F571-V1,7,macros,m33,0.0,18.65,33.7,28.57,14.29,42.86,42.86,42.86,71.43,85.71,85.71
F571-V1,7,highbits,m33,0.0,15.05,33.7,14.29,57.14,57.14,42.86,71.43,71.43,85.71,85.71
F571-V1,7,max-latch,m33,0.0,15.62,33.7,28.57,57.14,71.43,42.86,85.71,71.43,71.43,85.71
F571-V1,7,hybrid,m33,0.0,14.17,33.7,28.57,57.14,71.43,42.86,85.71,71.43,85.71,85.71
F574-1,14,macros,m33,0.0,26.52,36.45,28.57,42.86,50.0,35.71,42.86,28.57,71.43,92.86
F574-1,14,highbits,m33,0.0,20.32,36.45,50.0,64.29,64.29,57.14,28.57,28.57,71.43,92.86
F574-1,14,max-latch,m33,0.0,13.44,36.45,50.0,64.29,64.29,57.14,28.57,28.57,50.0,92.86
F574-1,14,hybrid,m33,0.0,20.32,36.45,50.0,64.29,64.29,57.14,28.57,28.57,71.43,92.86
F574-2,5,macros,m33,0.0,6.51,7.29,0.0,20.0,80.0,40.0,80.0,40.0,60.0,40.0
F574-2,5,highbits,m33,0.0,5.3,7.29,40.0,40.0,80.0,40.0,80.0,40.0,60.0,40.0
F574-2,5,max-latch,m33,0.0,6.66,7.29,40.0,40.0,80.0,40.0,80.0,40.0,40.0,40.0
F574-2,5,hybrid,m33,0.0,5.3,7.29,40.0,40.0,80.0,40.0,80.0,40.0,60.0,40.0
F579-V1,14,macros,m33,0.0,16.97,38.61,42.86,35.71,78.57,28.57,28.57,78.57,92.86,100.0
F579-V1,14,highbits,m33,0.0,9.19,38.61,64.29,64.29,28.57,64.29,71.43,28.57,92.86,100.0
F579-V1,14,max-latch,m33,0.0,5.32,38.61,64.29,64.29,28.57,64.29,71.43,28.57,92.86,100.0
F579-V1,14,hybrid,m33,0.0,9.19,38.61,64.29,64.29,28.57,64.29,71.43,28.57,92.86,100.0
F583-1,25,macros,m33,0.0,35.67,32.75,36.0,36.0,52.0,64.0,64.0,60.0,52.0,76.0
F583-1,25,highbits,m33,0.0,27.91,32.75,56.0,52.0,40.0,44.0,64.0,40.0,52.0,76.0
F583-1,25,max-latch,m33,0.0,22.58,32.75,52.0,48.0,40.0,44.0,64.0,40.0,76.0,76.0
F583-1,25,hybrid,m33,0.0,27.9,32.75,52.0,48.0,40.0,44.0,64.0,40.0,52.0,76.0
F583-4,12,macros,m33,0.0,19.26,19.02,33.33,66.67,58.33,75.0,66.67,33.33,33.33,41.67
F583-4,12,highbits,m33,0.0,15.54,19.02,50.0,16.67,41.67,50.0,50.0,33.33,33.33,41.67
F583-4,12,max-latch,m33,0.0,14.72,19.02,50.0,25.0,41.67,41.67,50.0,33.33,41.67,41.67
F583-4,12,hybrid,m33,0.0,15.3,19.02,50.0,25.0,41.67,41.67,50.0,33.33,33.33,41.67
IC2574,34,macros,m33,0.0,25.01,18.9,50.0,52.94,50.0,47.06,52.94,44.12,79.41,91.18
IC2574,34,highbits,m33,0.0,18.69,18.9,47.06,44.12,41.18,47.06,44.12,38.24,79.41,91.18
IC2574,34,max-latch,m33,0.0,15.59,18.9,47.06,44.12,41.18,47.06,44.12,38.24,73.53,91.18
IC2574,34,hybrid,m33,0.0,18.69,18.9,47.06,44.12,41.18,47.06,44.12,38.24,79.41,91.18
IC4202,32,macros,m33,0.0,49.02,35.22,0.0,9.38,6.25,3.12,0.0,6.25,93.75,100.0
IC4202,32,highbits,m33,90.62,49.41,35.22,100.0,90.62,93.75,96.88,100.0,93.75,93.75,100.0
IC4202,32,max-latch,m33,90.62,59.39,35.22,100.0,90.62,93.75,96.88,100.0,93.75,93.75,96.88
IC4202,32,hybrid,m33,90.62,49.41,35.22,100.0,90.62,93.75,96.88,100.0,93.75,93.75,100.0
KK98-251,15,macros,m33,13.33,17.95,7.8,53.33,53.33,53.33,60.0,46.67,53.33,66.67,100.0
KK98-251,15,highbits,m33,0.0,16.28,7.8,20.0,66.67,53.33,40.0,40.0,33.33,66.67,100.0
KK98-251,15,max-latch,m33,0.0,13.61,7.8,26.67,60.0,60.0,40.0,40.0,33.33,60.0,100.0
KK98-251,15,hybrid,m33,0.0,16.24,7.8,26.67,60.0,60.0,40.0,40.0,33.33,66.67,100.0
NGC0024,29,macros,m33,3.45,13.73,32.6,58.62,48.28,44.83,58.62,55.17,62.07,58.62,93.1
NGC0024,29,highbits,m33,0.0,11.92,32.6,41.38,20.69,72.41,44.83,48.28,41.38,58.62,93.1
NGC0024,29,max-latch,m33,0.0,10.73,32.6,41.38,31.03,72.41,41.38,48.28,34.48,55.17,93.1
NGC0024,29,hybrid,m33,0.0,11.33,32.6,41.38,31.03,72.41,41.38,48.28,34.48,58.62,93.1
NGC0055,21,macros,m33,0.0,16.43,22.25,80.95,47.62,66.67,57.14,66.67,33.33,38.1,71.43
NGC0055,21,highbits,m33,0.0,15.38,22.25,42.86,42.86,66.67,57.14,28.57,42.86,38.1,71.43
NGC0055,21,max-latch,m33,0.0,11.45,22.25,66.67,38.1,71.43,33.33,28.57,42.86,9.52,71.43
NGC0055,21,hybrid,m33,0.0,15.28,22.25,66.67,38.1,71.43,33.33,28.57,42.86,38.1,71.43
NGC0100,21,macros,m33,4.76,23.14,26.63,52.38,61.9,57.14,52.38,47.62,57.14,57.14,76.19
NGC0100,21,highbits,m33,0.0,17.69,26.63,66.67,57.14,57.14,47.62,47.62,76.19,57.14,76.19
NGC0100,21,max-latch,m33,0.0,10.43,26.63,52.38,57.14,52.38,52.38,38.1,61.9,14.29,76.19
NGC0100,21,hybrid,m33,0.0,19.95,26.63,52.38,57.14,52.38,52.38,38.1,61.9,57.14,76.19
NGC0247,26,macros,m33,3.85,12.41,32.17,73.08,50.0,65.38,46.15,61.54,65.38,57.69,92.31
NGC0247,26,highbits,m33,0.0,13.01,32.17,34.62,53.85,46.15,61.54,26.92,34.62,57.69,92.31
NGC0247,26,max-latch,m33,0.0,10.41,32.17,50.0,61.54,38.46,50.0,15.38,30.77,53.85,92.31
NGC0247,26,hybrid,m33,0.0,12.79,32.17,50.0,61.54,38.46,50.0,15.38,30.77,57.69,92.31
NGC0289,28,macros,m33,0.0,14.47,55.65,0.0,0.0,0.0,0.0,0.0,0.0,100.0,96.43
NGC0289,28,highbits,m33,96.43,22.4,55.65,100.0,100.0,100.0,100.0,100.0,100.0,100.0,96.43
NGC0289,28,max-latch,m33,100.0,23.02,55.65,100.0,100.0,100.0,100.0,100.0,100.0,100.0,100.0
NGC0289,28,hybrid,m33,96.43,22.4,55.65,100.0,100.0,100.0,100.0,100.0,100.0,100.0,96.43
NGC0300,25,macros,m33,0.0,19.37,36.12,48.0,48.0,56.0,52.0,44.0,32.0,60.0,84.0
NGC0300,25,highbits,m33,0.0,15.39,36.12,48.0,48.0,52.0,68.0,56.0,44.0,60.0,84.0
NGC0300,25,max-latch,m33,0.0,11.98,36.12,60.0,64.0,56.0,56.0,64.0,20.0,32.0,84.0
NGC0300,25,hybrid,m33,0.0,19.24,36.12,60.0,64.0,56.0,56.0,64.0,20.0,60.0,84.0
NGC0801,13,macros,m33,0.0,24.24,37.74,0.0,7.69,0.0,0.0,7.69,0.0,100.0,92.31
NGC0801,13,highbits,m33,92.31,35.54,37.74,100.0,92.31,100.0,100.0,92.31,100.0,100.0,92.31
NGC0801,13,max-latch,m33,92.31,45.03,37.74,100.0,92.31,100.0,100.0,92.31,100.0,100.0,100.0
NGC0801,13,hybrid,m33,92.31,35.54,37.74,100.0,92.31,100.0,100.0,92.31,100.0,100.0,92.31
NGC0891,18,macros,m33,0.0,12.34,69.85,0.0,0.0,0.0,0.0,0.0,0.0,100.0,94.44
NGC0891,18,highbits,m33,94.44,17.95,69.85,100.0,100.0,100.0,100.0,100.0,100.0,100.0,94.44
NGC0891,18,max-latch,m33,100.0,17.25,69.85,100.0,100.0,100.0,100.0,100.0,100.0,100.0,100.0
NGC0891,18,hybrid,m33,94.44,17.95,69.85,100.0,100.0,100.0,100.0,100.0,100.0,100.0,94.44
NGC1003,36,macros,m33,0.0,15.38,48.15,50.0,50.0,61.11,47.22,33.33,66.67,47.22,97.22
NGC1003,36,highbits,m33,0.0,18.55,48.15,38.89,55.56,55.56,52.78,61.11,44.44,47.22,97.22
NGC1003,36,max-latch,m33,0.0,20.62,48.15,44.44,50.0,44.44,52.78,69.44,38.89,58.33,94.44
NGC1003,36,hybrid,m33,0.0,19.04,48.15,44.44,50.0,44.44,52.78,69.44,38.89,47.22,97.22
NGC1090,24,macros,m33,0.0,32.38,25.71,12.5,12.5,8.33,4.17,4.17,8.33,95.83,95.83
NGC1090,24,highbits,m33,83.33,34.34,25.71,87.5,87.5,87.5,91.67,95.83,91.67,95.83,95.83
NGC1090,24,max-latch,m33,83.33,40.41,25.71,87.5,87.5,87.5,91.67,95.83,91.67,95.83,91.67
NGC1090,24,hybrid,m33,83.33,34.34,25.71,87.5,87.5,87.5,91.67,95.83,91.67,95.83,95.83
NGC1705,14,macros,m33,0.0,15.33,38.07,64.29,57.14,28.57,92.86,85.71,92.86,64.29,35.71
NGC1705,14,highbits,m33,0.0,13.35,38.07,35.71,50.0,71.43,42.86,42.86,64.29,64.29,35.71
NGC1705,14,max-latch,m33,0.0,6.52,38.07,57.14,57.14,78.57,7.14,92.86,7.14,92.86,92.86
NGC1705,14,hybrid,m33,0.0,12.13,38.07,57.14,57.14,78.57,7.14,92.86,7.14,64.29,35.71
NGC2366,26,macros,m33,3.85,28.48,16.36,46.15,53.85,46.15,50.0,26.92,84.62,88.46,100.0
NGC2366,26,highbits,m33,0.0,21.32,16.36,50.0,42.31,53.85,69.23,26.92,11.54,88.46,100.0
NGC2366,26,max-latch,m33,0.0,20.62,16.36,53.85,38.46,50.0,69.23,26.92,11.54,80.77,100.0
NGC2366,26,hybrid,m33,0.0,21.24,16.36,53.85,38.46,50.0,69.23,26.92,11.54,88.46,100.0
NGC2403,73,macros,m33,2.74,21.28,37.9,49.32,32.88,43.84,38.36,27.4,21.92,64.38,94.52
NGC2403,73,highbits,m33,12.33,32.11,37.9,46.58,64.38,47.95,53.42,67.12,78.08,64.38,94.52
NGC2403,73,max-latch,m33,24.66,32.84,37.9,53.42,67.12,53.42,61.64,75.34,78.08,64.38,94.52
NGC2403,73,hybrid,m33,24.66,31.99,37.9,53.42,67.12,53.42,61.64,75.34,78.08,64.38,94.52
NGC2683,11,macros,m33,0.0,29.62,33.12,0.0,0.0,0.0,0.0,0.0,0.0,100.0,90.91
NGC2683,11,highbits,m33,90.91,40.11,33.12,100.0,100.0,100.0,100.0,100.0,100.0,100.0,90.91
NGC2683,11,max-latch,m33,100.0,40.63,33.12,100.0,100.0,100.0,100.0,100.0,100.0,100.0,100.0
NGC2683,11,hybrid,m33,90.91,40.11,33.12,100.0,100.0,100.0,100.0,100.0,100.0,100.0,90.91
NGC2841,50,macros,m33,0.0,18.56,87.87,0.0,0.0,0.0,0.0,0.0,0.0,100.0,98.0
NGC2841,50,highbits,m33,98.0,26.84,87.87,100.0,100.0,100.0,100.0,100.0,100.0,100.0,98.0
NGC2841,50,max-latch,m33,100.0,27.32,87.87,100.0,100.0,100.0,100.0,100.0,100.0,100.0,100.0
NGC2841,50,hybrid,m33,98.0,26.84,87.87,100.0,100.0,100.0,100.0,100.0,100.0,100.0,98.0
NGC2903,34,macros,m33,0.0,32.14,61.46,2.94,2.94,2.94,5.88,2.94,2.94,100.0,97.06
NGC2903,34,highbits,m33,91.18,42.91,61.46,97.06,97.06,97.06,94.12,97.06,97.06,100.0,97.06
NGC2903,34,max-latch,m33,91.18,49.95,61.46,97.06,97.06,97.06,94.12,97.06,97.06,100.0,94.12
NGC2903,34,hybrid,m33,91.18,42.91,61.46,97.06,97.06,97.06,94.12,97.06,97.06,100.0,97.06
NGC2915,30,macros,m33,0.0,51.88,48.76,56.67,43.33,63.33,43.33,23.33,73.33,53.33,10.0
NGC2915,30,highbits,m33,0.0,44.64,48.76,53.33,56.67,50.0,36.67,53.33,50.0,53.33,10.0
NGC2915,30,max-latch,m33,0.0,19.27,48.76,60.0,60.0,36.67,43.33,80.0,26.67,90.0,80.0
NGC2915,30,hybrid,m33,0.0,39.52,48.76,60.0,60.0,36.67,43.33,80.0,26.67,53.33,10.0
NGC2955,24,macros,m33,0.0,18.81,44.14,0.0,0.0,0.0,0.0,0.0,0.0,100.0,95.83
NGC2955,24,highbits,m33,95.83,28.27,44.14,100.0,100.0,100.0,100.0,100.0,100.0,100.0,95.83
NGC2955,24,max-latch,m33,100.0,34.03,44.14,100.0,100.0,100.0,100.0,100.0,100.0,100.0,100.0
NGC2955,24,hybrid,m33,95.83,28.27,44.14,100.0,100.0,100.0,100.0,100.0,100.0,100.0,95.83
NGC2976,27,macros,m33,3.7,12.87,3.68,62.96,55.56,40.74,55.56,55.56,62.96,51.85,59.26
NGC2976,27,highbits,m33,0.0,17.86,3.68,59.26,40.74,66.67,48.15,40.74,40.74,51.85,59.26
NGC2976,27,max-latch,m33,0.0,15.02,3.68,59.26,40.74,66.67,48.15,40.74,40.74,33.33,59.26
NGC2976,27,hybrid,m33,0.0,17.86,3.68,59.26,40.74,66.67,48.15,40.74,40.74,51.85,59.26
NGC2998,13,macros,m33,0.0,29.36,35.12,7.69,7.69,15.38,7.69,7.69,0.0,100.0,92.31
NGC2998,13,highbits,m33,84.62,32.91,35.12,92.31,92.31,92.31,84.62,100.0,100.0,100.0,92.31
NGC2998,13,max-latch,m33,84.62,39.3,35.12,92.31,92.31,92.31,84.62,100.0,100.0,100.0,100.0
NGC2998,13,hybrid,m33,84.62,32.91,35.12,92.31,92.31,92.31,84.62,100.0,100.0,100.0,92.31
NGC3109,25,macros,m33,8.0,40.64,29.99,60.0,52.0,76.0,44.0,48.0,44.0,40.0,100.0
NGC3109,25,highbits,m33,0.0,37.55,29.99,44.0,52.0,56.0,40.0,68.0,48.0,40.0,100.0
NGC3109,25,max-latch,m33,0.0,27.78,29.99,56.0,48.0,56.0,40.0,68.0,48.0,96.0,100.0
NGC3109,25,hybrid,m33,0.0,37.43,29.99,56.0,48.0,56.0,40.0,68.0,48.0,40.0,100.0
NGC3198,43,macros,m33,0.0,32.35,37.61,9.3,18.6,18.6,11.63,20.93,13.95,86.05,90.7
NGC3198,43,highbits,m33,65.12,43.53,37.61,90.7,81.4,83.72,88.37,81.4,86.05,86.05,90.7
NGC3198,43,max-latch,m33,65.12,46.58,37.61,90.7,81.4,83.72,88.37,81.4,86.05,86.05,88.37
NGC3198,43,hybrid,m33,65.12,43.53,37.61,90.7,81.4,83.72,88.37,81.4,86.05,86.05,90.7
NGC3521,41,macros,m33,0.0,14.78,52.52,0.0,0.0,0.0,0.0,0.0,0.0,100.0,97.56
NGC3521,41,highbits,m33,97.56,17.28,52.52,100.0,100.0,100.0,100.0,100.0,100.0,100.0,97.56
NGC3521,41,max-latch,m33,100.0,20.18,52.52,100.0,100.0,100.0,100.0,100.0,100.0,100.0,100.0
NGC3521,41,hybrid,m33,97.56,17.28,52.52,100.0,100.0,100.0,100.0,100.0,100.0,100.0,97.56
NGC3726,12,macros,m33,0.0,14.56,35.31,16.67,8.33,16.67,16.67,16.67,16.67,100.0,91.67
NGC3726,12,highbits,m33,83.33,19.59,35.31,91.67,91.67,83.33,83.33,91.67,91.67,100.0,91.67
NGC3726,12,max-latch,m33,83.33,25.79,35.31,91.67,91.67,83.33,83.33,91.67,91.67,100.0,100.0
NGC3726,12,hybrid,m33,83.33,19.59,35.31,91.67,91.67,83.33,83.33,91.67,91.67,100.0,91.67
NGC3741,21,macros,m33,0.0,23.18,25.08,47.62,71.43,57.14,47.62,47.62,57.14,66.67,100.0
NGC3741,21,highbits,m33,0.0,17.39,25.08,47.62,33.33,42.86,76.19,52.38,42.86,66.67,100.0
NGC3741,21,max-latch,m33,0.0,19.41,25.08,42.86,71.43,61.9,47.62,57.14,42.86,52.38,100.0
NGC3741,21,hybrid,m33,0.0,16.96,25.08,42.86,71.43,61.9,47.62,57.14,42.86,66.67,100.0
NGC3769,12,macros,m33,8.33,5.83,38.65,16.67,50.0,66.67,41.67,66.67,41.67,91.67,91.67
NGC3769,12,highbits,m33,0.0,9.66,38.65,83.33,50.0,58.33,41.67,50.0,66.67,91.67,91.67
NGC3769,12,max-latch,m33,0.0,14.29,38.65,91.67,50.0,33.33,58.33,41.67,66.67,91.67,100.0
NGC3769,12,hybrid,m33,0.0,10.55,38.65,91.67,50.0,33.33,58.33,41.67,66.67,91.67,91.67
NGC3877,13,macros,m33,0.0,29.31,29.11,7.69,15.38,7.69,7.69,15.38,15.38,84.62,100.0
NGC3877,13,highbits,m33,76.92,35.69,29.11,100.0,84.62,92.31,92.31,92.31,92.31,84.62,100.0
NGC3877,13,max-latch,m33,76.92,47.96,29.11,100.0,84.62,92.31,92.31,92.31,92.31,84.62,92.31
NGC3877,13,hybrid,m33,76.92,35.69,29.11,100.0,84.62,92.31,92.31,92.31,92.31,84.62,100.0
NGC3893,10,macros,m33,0.0,8.41,33.81,10.0,0.0,0.0,0.0,10.0,10.0,100.0,90.0
NGC3893,10,highbits,m33,90.0,15.62,33.81,100.0,100.0,100.0,100.0,100.0,100.0,100.0,90.0
NGC3893,10,max-latch,m33,100.0,20.6,33.81,100.0,100.0,100.0,100.0,100.0,100.0,100.0,100.0
NGC3893,10,hybrid,m33,90.0,15.62,33.81,100.0,100.0,100.0,100.0,100.0,100.0,100.0,90.0
NGC3917,17,macros,m33,5.88,23.03,26.01,17.65,35.29,17.65,17.65,35.29,35.29,88.24,94.12
NGC3917,17,highbits,m33,52.94,22.38,26.01,82.35,64.71,94.12,82.35,76.47,64.71,88.24,94.12
NGC3917,17,max-latch,m33,52.94,26.37,26.01,82.35,64.71,94.12,82.35,76.47,64.71,88.24,88.24
NGC3917,17,hybrid,m33,52.94,22.38,26.01,82.35,64.71,94.12,82.35,76.47,64.71,88.24,94.12
NGC3949,7,macros,m33,0.0,8.62,32.03,0.0,14.29,0.0,0.0,14.29,0.0,100.0,85.71
NGC3949,7,highbits,m33,85.71,15.18,32.03,100.0,85.71,100.0,100.0,85.71,100.0,100.0,85.71
NGC3949,7,max-latch,m33,85.71,21.4,32.03,100.0,85.71,100.0,100.0,85.71,100.0,100.0,100.0
NGC3949,7,hybrid,m33,85.71,15.18,32.03,100.0,85.71,100.0,100.0,85.71,100.0,100.0,85.71
NGC3953,8,macros,m33,0.0,9.15,18.27,12.5,0.0,0.0,0.0,12.5,12.5,100.0,87.5
NGC3953,8,highbits,m33,87.5,11.44,18.27,100.0,100.0,100.0,100.0,100.0,100.0,100.0,87.5
NGC3953,8,max-latch,m33,100.0,17.45,18.27,100.0,100.0,100.0,100.0,100.0,100.0,100.0,100.0
NGC3953,8,hybrid,m33,87.5,11.44,18.27,100.0,100.0,100.0,100.0,100.0,100.0,100.0,87.5
NGC3972,10,macros,m33,0.0,19.44,21.17,30.0,30.0,40.0,40.0,60.0,60.0,80.0,100.0
NGC3972,10,highbits,m33,20.0,28.99,21.17,50.0,50.0,70.0,80.0,60.0,50.0,80.0,100.0
NGC3972,10,max-latch,m33,20.0,33.08,21.17,50.0,50.0,70.0,80.0,60.0,50.0,70.0,90.0
NGC3972,10,hybrid,m33,20.0,28.99,21.17,50.0,50.0,70.0,80.0,60.0,50.0,80.0,100.0
NGC3992,9,macros,m33,0.0,15.5,51.5,0.0,0.0,0.0,0.0,0.0,0.0,100.0,88.89
NGC3992,9,highbits,m33,88.89,21.19,51.5,100.0,100.0,100.0,100.0,100.0,100.0,100.0,88.89
NGC3992,9,max-latch,m33,100.0,22.55,51.5,100.0,100.0,100.0,100.0,100.0,100.0,100.0,100.0
NGC3992,9,hybrid,m33,88.89,21.19,51.5,100.0,100.0,100.0,100.0,100.0,100.0,100.0,88.89
NGC4010,12,macros,m33,0.0,24.38,17.71,33.33,50.0,41.67,58.33,50.0,41.67,83.33,83.33
NGC4010,12,highbits,m33,0.0,34.82,17.71,66.67,41.67,58.33,50.0,66.67,66.67,83.33,83.33
NGC4010,12,max-latch,m33,0.0,34.82,17.71,66.67,41.67,58.33,50.0,66.67,66.67,83.33,83.33
NGC4010,12,hybrid,m33,0.0,34.82,17.71,66.67,41.67,58.33,50.0,66.67,66.67,83.33,83.33
NGC4013,36,macros,m33,0.0,15.63,39.27,0.0,0.0,0.0,0.0,0.0,0.0,100.0,97.22
NGC4013,36,highbits,m33,97.22,22.46,39.27,100.0,100.0,100.0,100.0,100.0,100.0,100.0,97.22
NGC4013,36,max-latch,m33,100.0,22.26,39.27,100.0,100.0,100.0,100.0,100.0,100.0,100.0,100.0
NGC4013,36,hybrid,m33,97.22,22.46,39.27,100.0,100.0,100.0,100.0,100.0,100.0,100.0,97.22
NGC4051,7,macros,m33,0.0,14.33,29.68,14.29,14.29,14.29,0.0,28.57,28.57,100.0,85.71
NGC4051,7,highbits,m33,71.43,20.29,29.68,100.0,85.71,85.71,100.0,85.71,85.71,100.0,85.71
NGC4051,7,max-latch,m33,71.43,24.44,29.68,100.0,85.71,85.71,100.0,85.71,85.71,100.0,100.0
NGC4051,7,hybrid,m33,71.43,20.29,29.68,100.0,85.71,85.71,100.0,85.71,85.71,100.0,85.71
NGC4068,6,macros,m33,16.67,18.55,6.03,50.0,50.0,50.0,50.0,50.0,66.67,66.67,100.0
NGC4068,6,highbits,m33,0.0,14.32,6.03,66.67,66.67,50.0,66.67,33.33,50.0,66.67,100.0
NGC4068,6,max-latch,m33,0.0,12.36,6.03,66.67,66.67,50.0,66.67,33.33,50.0,50.0,100.0
NGC4068,6,hybrid,m33,0.0,14.32,6.03,66.67,66.67,50.0,66.67,33.33,50.0,66.67,100.0
NGC4085,7,macros,m33,0.0,20.97,33.54,28.57,57.14,14.29,42.86,14.29,42.86,85.71,100.0
NGC4085,7,highbits,m33,28.57,29.35,33.54,71.43,42.86,85.71,57.14,85.71,57.14,85.71,100.0
NGC4085,7,max-latch,m33,28.57,42.51,33.54,71.43,42.86,85.71,57.14,85.71,57.14,85.71,85.71
NGC4085,7,hybrid,m33,28.57,29.35,33.54,71.43,42.86,85.71,57.14,85.71,57.14,85.71,100.0
NGC4088,12,macros,m33,0.0,16.11,50.79,8.33,0.0,0.0,0.0,8.33,16.67,91.67,91.67
NGC4088,12,highbits,m33,91.67,21.85,50.79,100.0,100.0,100.0,100.0,100.0,91.67,91.67,91.67
NGC4088,12,max-latch,m33,91.67,32.68,50.79,100.0,100.0,100.0,100.0,100.0,91.67,91.67,100.0
NGC4088,12,hybrid,m33,91.67,21.85,50.79,100.0,100.0,100.0,100.0,100.0,91.67,91.67,91.67
NGC4100,24,macros,m33,0.0,13.59,29.36,4.17,0.0,0.0,4.17,8.33,4.17,100.0,95.83
NGC4100,24,highbits,m33,95.83,22.93,29.36,100.0,100.0,100.0,95.83,95.83,100.0,100.0,95.83
NGC4100,24,max-latch,m33,95.83,26.5,29.36,100.0,100.0,100.0,95.83,95.83,100.0,100.0,100.0
NGC4100,24,hybrid,m33,95.83,22.93,29.36,100.0,100.0,100.0,95.83,95.83,100.0,100.0,95.83
NGC4138,7,macros,m33,0.0,26.17,31.52,0.0,0.0,0.0,0.0,0.0,0.0,100.0,85.71
NGC4138,7,highbits,m33,85.71,34.22,31.52,100.0,100.0,100.0,100.0,100.0,100.0,100.0,85.71
NGC4138,7,max-latch,m33,100.0,34.58,31.52,100.0,100.0,100.0,100.0,100.0,100.0,100.0,100.0
NGC4138,7,hybrid,m33,85.71,34.22,31.52,100.0,100.0,100.0,100.0,100.0,100.0,100.0,85.71
NGC4157,17,macros,m33,0.0,14.19,40.01,5.88,0.0,0.0,5.88,5.88,5.88,94.12,94.12
NGC4157,17,highbits,m33,94.12,21.35,40.01,100.0,100.0,100.0,94.12,100.0,100.0,94.12,94.12
NGC4157,17,max-latch,m33,94.12,30.66,40.01,100.0,100.0,100.0,94.12,100.0,100.0,94.12,100.0
NGC4157,17,hybrid,m33,94.12,21.35,40.01,100.0,100.0,100.0,94.12,100.0,100.0,94.12,94.12
NGC4183,23,macros,m33,0.0,11.25,33.26,17.39,65.22,47.83,65.22,17.39,78.26,78.26,95.65
NGC4183,23,highbits,m33,0.0,10.5,33.26,60.87,26.09,65.22,34.78,69.57,26.09,78.26,95.65
NGC4183,23,max-latch,m33,0.0,14.25,33.26,78.26,34.78,56.52,30.43,78.26,26.09,73.91,91.3
NGC4183,23,hybrid,m33,0.0,10.56,33.26,78.26,34.78,56.52,30.43,78.26,26.09,78.26,95.65
NGC4214,14,macros,m33,0.0,11.63,33.48,42.86,35.71,35.71,85.71,21.43,78.57,78.57,71.43
NGC4214,14,highbits,m33,0.0,9.67,33.48,42.86,35.71,28.57,50.0,42.86,50.0,78.57,71.43
NGC4214,14,max-latch,m33,0.0,6.06,33.48,50.0,35.71,71.43,21.43,71.43,85.71,21.43,85.71
NGC4214,14,hybrid,m33,0.0,9.96,33.48,50.0,35.71,71.43,21.43,71.43,85.71,78.57,71.43
NGC4217,19,macros,m33,0.0,28.72,64.41,10.53,5.26,5.26,5.26,5.26,10.53,94.74,100.0
NGC4217,19,highbits,m33,89.47,30.57,64.41,94.74,94.74,94.74,94.74,100.0,94.74,94.74,100.0
NGC4217,19,max-latch,m33,89.47,41.79,64.41,94.74,94.74,94.74,94.74,100.0,94.74,94.74,94.74
NGC4217,19,hybrid,m33,89.47,30.57,64.41,94.74,94.74,94.74,94.74,100.0,94.74,94.74,100.0
NGC4389,6,macros,m33,0.0,21.21,57.4,33.33,50.0,33.33,33.33,16.67,50.0,50.0,66.67
NGC4389,6,highbits,m33,0.0,35.46,57.4,66.67,50.0,66.67,66.67,83.33,50.0,50.0,66.67
NGC4389,6,max-latch,m33,0.0,45.99,57.4,66.67,50.0,66.67,66.67,83.33,50.0,50.0,50.0
NGC4389,6,hybrid,m33,0.0,35.46,57.4,66.67,50.0,66.67,66.67,83.33,50.0,50.0,66.67
NGC4559,32,macros,m33,0.0,16.8,23.93,21.88,34.38,46.88,34.38,81.25,34.38,87.5,96.88
NGC4559,32,highbits,m33,0.0,18.45,23.93,78.12,65.62,56.25,65.62,18.75,68.75,87.5,96.88
NGC4559,32,max-latch,m33,0.0,22.05,23.93,78.12,65.62,56.25,65.62,18.75,68.75,90.62,93.75
NGC4559,32,hybrid,m33,0.0,18.45,23.93,78.12,65.62,56.25,65.62,18.75,68.75,87.5,96.88
NGC5005,18,macros,m33,0.0,12.87,57.03,0.0,0.0,0.0,0.0,0.0,0.0,100.0,94.44
NGC5005,18,highbits,m33,94.44,16.94,57.03,100.0,100.0,100.0,100.0,100.0,100.0,100.0,94.44
NGC5005,18,max-latch,m33,100.0,20.22,57.03,100.0,100.0,100.0,100.0,100.0,100.0,100.0,100.0
NGC5005,18,hybrid,m33,94.44,16.94,57.03,100.0,100.0,100.0,100.0,100.0,100.0,100.0,94.44
NGC5033,22,macros,m33,0.0,12.52,61.16,0.0,0.0,0.0,0.0,0.0,0.0,100.0,95.45
NGC5033,22,highbits,m33,95.45,17.3,61.16,100.0,100.0,100.0,100.0,100.0,100.0,100.0,95.45
NGC5033,22,max-latch,m33,100.0,17.76,61.16,100.0,100.0,100.0,100.0,100.0,100.0,100.0,100.0
NGC5033,22,hybrid,m33,95.45,17.3,61.16,100.0,100.0,100.0,100.0,100.0,100.0,100.0,95.45
NGC5055,28,macros,m33,0.0,13.18,58.27,0.0,3.57,3.57,3.57,0.0,0.0,100.0,96.43
NGC5055,28,highbits,m33,96.43,21.58,58.27,100.0,96.43,96.43,96.43,100.0,100.0,100.0,96.43
NGC5055,28,max-latch,m33,96.43,25.34,58.27,100.0,96.43,96.43,96.43,100.0,100.0,100.0,100.0
NGC5055,28,hybrid,m33,96.43,21.58,58.27,100.0,96.43,96.43,96.43,100.0,100.0,100.0,96.43
NGC5371,19,macros,m33,0.0,16.6,35.63,0.0,0.0,0.0,0.0,0.0,0.0,100.0,94.74
NGC5371,19,highbits,m33,94.74,23.27,35.63,100.0,100.0,100.0,100.0,100.0,100.0,100.0,94.74
NGC5371,19,max-latch,m33,100.0,23.95,35.63,100.0,100.0,100.0,100.0,100.0,100.0,100.0,100.0
NGC5371,19,hybrid,m33,94.74,23.27,35.63,100.0,100.0,100.0,100.0,100.0,100.0,100.0,94.74
NGC5585,24,macros,m33,0.0,24.09,24.18,45.83,45.83,41.67,33.33,62.5,37.5,50.0,58.33
NGC5585,24,highbits,m33,0.0,24.99,24.18,62.5,41.67,58.33,79.17,37.5,45.83,50.0,58.33
NGC5585,24,max-latch,m33,0.0,17.4,24.18,66.67,41.67,62.5,58.33,54.17,54.17,33.33,58.33
NGC5585,24,hybrid,m33,0.0,24.87,24.18,66.67,41.67,62.5,58.33,54.17,54.17,50.0,58.33
NGC5907,19,macros,m33,0.0,10.36,43.26,0.0,0.0,0.0,0.0,0.0,0.0,100.0,94.74
NGC5907,19,highbits,m33,94.74,14.96,43.26,100.0,100.0,100.0,100.0,100.0,100.0,100.0,94.74
NGC5907,19,max-latch,m33,100.0,15.58,43.26,100.0,100.0,100.0,100.0,100.0,100.0,100.0,100.0
NGC5907,19,hybrid,m33,94.74,14.96,43.26,100.0,100.0,100.0,100.0,100.0,100.0,100.0,94.74
NGC5985,33,macros,m33,0.0,16.62,80.14,0.0,0.0,0.0,0.0,0.0,0.0,100.0,96.97
NGC5985,33,highbits,m33,96.97,24.64,80.14,100.0,100.0,100.0,100.0,100.0,100.0,100.0,96.97
NGC5985,33,max-latch,m33,100.0,27.57,80.14,100.0,100.0,100.0,100.0,100.0,100.0,100.0,100.0
NGC5985,33,hybrid,m33,96.97,24.64,80.14,100.0,100.0,100.0,100.0,100.0,100.0,100.0,96.97
NGC6015,44,macros,m33,0.0,24.3,43.28,11.36,6.82,9.09,4.55,9.09,9.09,97.73,97.73
NGC6015,44,highbits,m33,81.82,28.35,43.28,86.36,93.18,95.45,95.45,88.64,88.64,97.73,97.73
NGC6015,44,max-latch,m33,81.82,30.65,43.28,86.36,93.18,95.45,95.45,88.64,88.64,97.73,95.45
NGC6015,44,hybrid,m33,81.82,28.35,43.28,86.36,93.18,95.45,95.45,88.64,88.64,97.73,97.73
NGC6195,23,macros,m33,0.0,11.71,43.85,0.0,0.0,0.0,0.0,0.0,0.0,100.0,95.65
NGC6195,23,highbits,m33,95.65,15.94,43.85,100.0,100.0,100.0,100.0,100.0,100.0,100.0,95.65
NGC6195,23,max-latch,m33,100.0,21.89,43.85,100.0,100.0,100.0,100.0,100.0,100.0,100.0,100.0
NGC6195,23,hybrid,m33,95.65,15.94,43.85,100.0,100.0,100.0,100.0,100.0,100.0,100.0,95.65
NGC6503,31,macros,m33,0.0,6.64,41.67,3.23,51.61,41.94,29.03,35.48,64.52,93.55,96.77
NGC6503,31,highbits,m33,0.0,6.85,41.67,67.74,54.84,54.84,51.61,54.84,48.39,93.55,96.77
NGC6503,31,max-latch,m33,0.0,10.16,41.67,96.77,48.39,58.06,70.97,64.52,35.48,93.55,100.0
NGC6503,31,hybrid,m33,0.0,7.51,41.67,96.77,48.39,58.06,70.97,64.52,35.48,93.55,96.77
NGC6674,15,macros,m33,0.0,24.44,77.69,0.0,0.0,0.0,0.0,0.0,0.0,100.0,93.33
NGC6674,15,highbits,m33,93.33,41.97,77.69,100.0,100.0,100.0,100.0,100.0,100.0,100.0,93.33
NGC6674,15,max-latch,m33,100.0,46.09,77.69,100.0,100.0,100.0,100.0,100.0,100.0,100.0,100.0
NGC6674,15,hybrid,m33,93.33,41.97,77.69,100.0,100.0,100.0,100.0,100.0,100.0,100.0,93.33
NGC6789,4,macros,m33,0.0,29.56,22.35,25.0,50.0,25.0,25.0,75.0,50.0,50.0,100.0
NGC6789,4,highbits,m33,0.0,27.27,22.35,75.0,75.0,75.0,25.0,50.0,50.0,50.0,100.0
NGC6789,4,max-latch,m33,25.0,18.17,22.35,75.0,75.0,75.0,25.0,50.0,50.0,75.0,100.0
NGC6789,4,hybrid,m33,0.0,27.27,22.35,75.0,75.0,75.0,25.0,50.0,50.0,50.0,100.0
NGC6946,58,macros,m33,0.0,15.26,27.3,3.45,3.45,1.72,1.72,0.0,0.0,100.0,98.28
NGC6946,58,highbits,m33,91.38,22.65,27.3,96.55,96.55,98.28,98.28,100.0,100.0,100.0,98.28
NGC6946,58,max-latch,m33,93.1,22.95,27.3,96.55,96.55,98.28,98.28,100.0,100.0,100.0,100.0
NGC6946,58,hybrid,m33,91.38,22.65,27.3,96.55,96.55,98.28,98.28,100.0,100.0,100.0,98.28
NGC7331,36,macros,m33,0.0,9.3,70.72,0.0,0.0,0.0,0.0,0.0,0.0,100.0,97.22
NGC7331,36,highbits,m33,97.22,16.36,70.72,100.0,100.0,100.0,100.0,100.0,100.0,100.0,97.22
NGC7331,36,max-latch,m33,100.0,17.17,70.72,100.0,100.0,100.0,100.0,100.0,100.0,100.0,100.0
NGC7331,36,hybrid,m33,97.22,16.36,70.72,100.0,100.0,100.0,100.0,100.0,100.0,100.0,97.22
NGC7793,46,macros,m33,4.35,18.59,11.49,45.65,52.17,65.22,43.48,50.0,56.52,43.48,60.87
NGC7793,46,highbits,m33,0.0,28.6,11.49,52.17,58.7,32.61,54.35,56.52,30.43,43.48,60.87
NGC7793,46,max-latch,m33,0.0,31.76,11.49,52.17,58.7,32.61,54.35,56.52,30.43,56.52,60.87
NGC7793,46,hybrid,m33,0.0,28.6,11.49,52.17,58.7,32.61,54.35,56.52,30.43,43.48,60.87
NGC7814,18,macros,m33,0.0,32.06,53.46,0.0,0.0,0.0,0.0,0.0,0.0,100.0,94.44
NGC7814,18,highbits,m33,94.44,43.02,53.46,100.0,100.0,100.0,100.0,100.0,100.0,100.0,94.44
NGC7814,18,max-latch,m33,100.0,42.6,53.46,100.0,100.0,100.0,100.0,100.0,100.0,100.0,100.0
NGC7814,18,hybrid,m33,94.44,43.02,53.46,100.0,100.0,100.0,100.0,100.0,100.0,100.0,94.44
PGC51017,6,macros,m33,0.0,1.27,4.52,33.33,33.33,66.67,33.33,0.0,100.0,66.67,100.0
PGC51017,6,highbits,m33,0.0,1.12,4.52,50.0,33.33,33.33,50.0,16.67,83.33,66.67,100.0
PGC51017,6,max-latch,m33,0.0,1.0,4.52,50.0,50.0,33.33,50.0,66.67,83.33,16.67,100.0
PGC51017,6,hybrid,m33,0.0,1.13,4.52,50.0,50.0,33.33,50.0,66.67,83.33,66.67,100.0
UGC00128,22,macros,m33,0.0,19.09,65.11,31.82,40.91,50.0,31.82,9.09,18.18,90.91,100.0
UGC00128,22,highbits,m33,4.55,16.55,65.11,54.55,50.0,27.27,59.09,45.45,68.18,90.91,100.0
UGC00128,22,max-latch,m33,0.0,11.11,65.11,59.09,50.0,45.45,63.64,22.73,95.45,95.45,100.0
UGC00128,22,hybrid,m33,0.0,14.58,65.11,59.09,50.0,45.45,63.64,22.73,95.45,90.91,100.0
UGC00191,9,macros,m33,0.0,13.14,23.83,33.33,33.33,33.33,55.56,44.44,66.67,66.67,88.89
UGC00191,9,highbits,m33,0.0,10.05,23.83,66.67,44.44,33.33,66.67,55.56,22.22,66.67,88.89
UGC00191,9,max-latch,m33,0.0,11.62,23.83,77.78,44.44,44.44,55.56,66.67,22.22,66.67,88.89
UGC00191,9,hybrid,m33,0.0,9.53,23.83,77.78,44.44,44.44,55.56,66.67,22.22,66.67,88.89
UGC00634,4,macros,m33,0.0,9.19,48.76,50.0,75.0,50.0,25.0,75.0,75.0,75.0,75.0
UGC00634,4,highbits,m33,0.0,9.47,48.76,75.0,75.0,50.0,50.0,50.0,0.0,75.0,75.0
UGC00634,4,max-latch,m33,0.0,14.61,48.76,50.0,50.0,25.0,0.0,75.0,50.0,75.0,100.0
UGC00634,4,hybrid,m33,0.0,11.35,48.76,50.0,50.0,25.0,0.0,75.0,50.0,75.0,75.0
UGC00731,12,macros,m33,0.0,22.64,36.17,58.33,66.67,41.67,25.0,75.0,58.33,66.67,91.67
UGC00731,12,highbits,m33,0.0,19.14,36.17,33.33,66.67,33.33,66.67,66.67,41.67,66.67,91.67
UGC00731,12,max-latch,m33,0.0,17.8,36.17,41.67,66.67,33.33,66.67,66.67,41.67,75.0,91.67
UGC00731,12,hybrid,m33,0.0,19.12,36.17,41.67,66.67,33.33,66.67,66.67,41.67,66.67,91.67
UGC00891,5,macros,m33,0.0,24.45,25.54,40.0,60.0,60.0,60.0,80.0,20.0,60.0,100.0
UGC00891,5,highbits,m33,0.0,20.03,25.54,80.0,40.0,80.0,20.0,80.0,60.0,60.0,100.0
UGC00891,5,max-latch,m33,0.0,15.69,25.54,60.0,20.0,40.0,40.0,60.0,80.0,80.0,100.0
UGC00891,5,hybrid,m33,0.0,19.23,25.54,60.0,20.0,40.0,40.0,60.0,80.0,60.0,100.0
UGC01230,11,macros,m33,0.0,25.16,43.74,63.64,63.64,63.64,54.55,72.73,81.82,54.55,90.91
UGC01230,11,highbits,m33,0.0,20.39,43.74,63.64,54.55,72.73,18.18,36.36,54.55,54.55,90.91
UGC01230,11,max-latch,m33,0.0,11.9,43.74,36.36,36.36,63.64,36.36,45.45,45.45,81.82,90.91
UGC01230,11,hybrid,m33,0.0,20.06,43.74,36.36,36.36,63.64,36.36,45.45,45.45,54.55,90.91
UGC01281,25,macros,m33,8.0,33.64,18.46,52.0,56.0,56.0,64.0,64.0,56.0,64.0,100.0
UGC01281,25,highbits,m33,0.0,29.04,18.46,52.0,48.0,36.0,36.0,40.0,60.0,64.0,100.0
UGC01281,25,max-latch,m33,0.0,22.03,18.46,56.0,52.0,36.0,40.0,36.0,60.0,88.0,100.0
UGC01281,25,hybrid,m33,0.0,28.99,18.46,56.0,52.0,36.0,40.0,36.0,60.0,64.0,100.0
UGC02023,5,macros,m33,0.0,11.97,8.85,60.0,20.0,80.0,40.0,40.0,40.0,20.0,40.0
UGC02023,5,highbits,m33,0.0,13.23,8.85,20.0,40.0,60.0,40.0,40.0,40.0,20.0,40.0
UGC02023,5,max-latch,m33,0.0,10.33,8.85,20.0,40.0,60.0,40.0,40.0,40.0,40.0,40.0
UGC02023,5,hybrid,m33,0.0,13.23,8.85,20.0,40.0,60.0,40.0,40.0,40.0,20.0,40.0
UGC02259,8,macros,m33,0.0,10.69,39.1,37.5,37.5,50.0,62.5,62.5,50.0,87.5,100.0
UGC02259,8,highbits,m33,0.0,8.14,39.1,50.0,50.0,75.0,75.0,50.0,50.0,87.5,100.0
UGC02259,8,max-latch,m33,12.5,7.67,39.1,37.5,50.0,62.5,62.5,62.5,62.5,100.0,100.0
UGC02259,8,hybrid,m33,12.5,7.57,39.1,37.5,50.0,62.5,62.5,62.5,62.5,87.5,100.0
UGC02455,8,macros,m33,0.0,14.78,35.38,50.0,37.5,50.0,50.0,62.5,50.0,62.5,12.5
UGC02455,8,highbits,m33,0.0,22.12,35.38,62.5,50.0,62.5,75.0,37.5,62.5,62.5,12.5
UGC02455,8,max-latch,m33,0.0,23.91,35.38,62.5,50.0,62.5,75.0,37.5,62.5,62.5,0.0
UGC02455,8,hybrid,m33,0.0,22.12,35.38,62.5,50.0,62.5,75.0,37.5,62.5,62.5,12.5
UGC02487,17,macros,m33,0.0,26.64,109.52,0.0,0.0,0.0,0.0,0.0,0.0,100.0,94.12
UGC02487,17,highbits,m33,94.12,35.14,109.52,100.0,100.0,100.0,100.0,100.0,100.0,100.0,94.12
UGC02487,17,max-latch,m33,100.0,34.79,109.52,100.0,100.0,100.0,100.0,100.0,100.0,100.0,100.0
UGC02487,17,hybrid,m33,94.12,35.14,109.52,100.0,100.0,100.0,100.0,100.0,100.0,100.0,94.12
UGC02885,19,macros,m33,0.0,17.03,69.36,0.0,0.0,0.0,0.0,0.0,0.0,100.0,94.74
UGC02885,19,highbits,m33,94.74,24.0,69.36,100.0,100.0,100.0,100.0,100.0,100.0,100.0,94.74
UGC02885,19,max-latch,m33,100.0,23.33,69.36,100.0,100.0,100.0,100.0,100.0,100.0,100.0,100.0
UGC02885,19,hybrid,m33,94.74,24.0,69.36,100.0,100.0,100.0,100.0,100.0,100.0,100.0,94.74
UGC02916,43,macros,m33,0.0,9.02,39.97,2.33,0.0,0.0,0.0,2.33,2.33,100.0,97.67
UGC02916,43,highbits,m33,97.67,12.65,39.97,100.0,100.0,100.0,100.0,100.0,100.0,100.0,97.67
UGC02916,43,max-latch,m33,100.0,13.5,39.97,100.0,100.0,100.0,100.0,100.0,100.0,100.0,100.0
UGC02916,43,hybrid,m33,97.67,12.65,39.97,100.0,100.0,100.0,100.0,100.0,100.0,100.0,97.67
UGC02953,115,macros,m33,0.0,36.24,62.22,0.0,0.0,0.0,0.0,0.0,0.0,100.0,99.13
UGC02953,115,highbits,m33,99.13,52.79,62.22,100.0,100.0,100.0,100.0,100.0,100.0,100.0,99.13
UGC02953,115,max-latch,m33,100.0,53.27,62.22,100.0,100.0,100.0,100.0,100.0,100.0,100.0,100.0
UGC02953,115,hybrid,m33,99.13,52.79,62.22,100.0,100.0,100.0,100.0,100.0,100.0,100.0,99.13
UGC03205,48,macros,m33,0.0,27.35,33.65,2.08,4.17,2.08,0.0,4.17,2.08,100.0,97.92
UGC03205,48,highbits,m33,95.83,32.16,33.65,97.92,95.83,97.92,100.0,95.83,97.92,100.0,97.92
UGC03205,48,max-latch,m33,95.83,36.04,33.65,97.92,95.83,97.92,100.0,95.83,97.92,100.0,100.0
UGC03205,48,hybrid,m33,95.83,32.16,33.65,97.92,95.83,97.92,100.0,95.83,97.92,100.0,97.92
UGC03546,30,macros,m33,0.0,38.4,72.12,0.0,0.0,0.0,0.0,0.0,0.0,100.0,96.67
UGC03546,30,highbits,m33,96.67,53.8,72.12,100.0,100.0,100.0,100.0,100.0,100.0,100.0,96.67
UGC03546,30,max-latch,m33,100.0,53.39,72.12,100.0,100.0,100.0,100.0,100.0,100.0,100.0,100.0
UGC03546,30,hybrid,m33,96.67,53.8,72.12,100.0,100.0,100.0,100.0,100.0,100.0,100.0,96.67
UGC03580,47,macros,m33,0.0,28.42,39.24,36.17,46.81,51.06,53.19,38.3,42.55,51.06,82.98
UGC03580,47,highbits,m33,0.0,43.23,39.24,65.96,51.06,46.81,48.94,61.7,55.32,51.06,82.98
UGC03580,47,max-latch,m33,0.0,43.79,39.24,65.96,53.19,48.94,48.94,63.83,57.45,51.06,80.85
UGC03580,47,hybrid,m33,0.0,43.24,39.24,65.96,53.19,48.94,48.94,63.83,57.45,51.06,82.98
UGC04278,25,macros,m33,4.0,28.1,27.67,48.0,48.0,48.0,40.0,52.0,56.0,84.0,92.0
UGC04278,25,highbits,m33,0.0,18.03,27.67,40.0,48.0,48.0,60.0,40.0,52.0,84.0,92.0
UGC04278,25,max-latch,m33,0.0,15.83,27.67,44.0,48.0,40.0,52.0,48.0,52.0,76.0,96.0
UGC04278,25,hybrid,m33,0.0,21.06,27.67,44.0,48.0,40.0,52.0,48.0,52.0,84.0,92.0
UGC04305,22,macros,m33,4.55,15.75,4.96,50.0,59.09,50.0,50.0,22.73,13.64,63.64,45.45
UGC04305,22,highbits,m33,0.0,12.09,4.96,63.64,50.0,63.64,40.91,50.0,31.82,63.64,45.45
UGC04305,22,max-latch,m33,0.0,12.0,4.96,54.55,59.09,63.64,36.36,72.73,31.82,68.18,45.45
UGC04305,22,hybrid,m33,0.0,11.95,4.96,54.55,59.09,63.64,36.36,72.73,31.82,63.64,45.45
UGC04325,8,macros,m33,0.0,20.42,35.33,37.5,37.5,12.5,25.0,75.0,25.0,87.5,100.0
UGC04325,8,highbits,m33,0.0,16.27,35.33,25.0,62.5,50.0,50.0,75.0,50.0,87.5,100.0
UGC04325,8,max-latch,m33,0.0,9.45,35.33,25.0,50.0,37.5,25.0,50.0,50.0,50.0,100.0
UGC04325,8,hybrid,m33,0.0,15.92,35.33,25.0,50.0,37.5,25.0,50.0,50.0,87.5,100.0
UGC04483,8,macros,m33,12.5,14.12,7.08,62.5,75.0,62.5,62.5,62.5,62.5,87.5,100.0
UGC04483,8,highbits,m33,0.0,11.21,7.08,37.5,37.5,25.0,62.5,50.0,62.5,87.5,100.0
UGC04483,8,max-latch,m33,0.0,11.73,7.08,37.5,37.5,25.0,62.5,50.0,62.5,100.0,100.0
UGC04483,8,hybrid,m33,0.0,11.21,7.08,37.5,37.5,25.0,62.5,50.0,62.5,87.5,100.0
UGC04499,9,macros,m33,0.0,16.37,21.5,77.78,11.11,44.44,66.67,77.78,55.56,55.56,55.56
UGC04499,9,highbits,m33,0.0,12.57,21.5,55.56,44.44,33.33,55.56,66.67,44.44,55.56,55.56
UGC04499,9,max-latch,m33,0.0,12.88,21.5,66.67,44.44,44.44,55.56,66.67,44.44,44.44,55.56
UGC04499,9,hybrid,m33,0.0,12.49,21.5,66.67,44.44,44.44,55.56,66.67,44.44,55.56,55.56
UGC05005,11,macros,m33,0.0,18.12,33.61,72.73,63.64,36.36,36.36,27.27,36.36,18.18,72.73
UGC05005,11,highbits,m33,0.0,20.54,33.61,45.45,72.73,36.36,54.55,45.45,72.73,18.18,72.73
UGC05005,11,max-latch,m33,0.0,17.74,33.61,27.27,63.64,45.45,36.36,63.64,72.73,63.64,72.73
UGC05005,11,hybrid,m33,0.0,20.38,33.61,27.27,63.64,45.45,36.36,63.64,72.73,18.18,72.73
UGC05253,73,macros,m33,0.0,9.99,44.1,1.37,0.0,0.0,0.0,1.37,1.37,100.0,98.63
UGC05253,73,highbits,m33,98.63,11.15,44.1,100.0,100.0,100.0,100.0,100.0,100.0,100.0,98.63
UGC05253,73,max-latch,m33,100.0,11.3,44.1,100.0,100.0,100.0,100.0,100.0,100.0,100.0,100.0
UGC05253,73,hybrid,m33,98.63,11.15,44.1,100.0,100.0,100.0,100.0,100.0,100.0,100.0,98.63
UGC05414,6,macros,m33,0.0,11.68,12.49,50.0,33.33,66.67,33.33,33.33,50.0,16.67,33.33
UGC05414,6,highbits,m33,0.0,9.55,12.49,33.33,50.0,50.0,66.67,0.0,66.67,16.67,33.33
UGC05414,6,max-latch,m33,0.0,10.45,12.49,33.33,50.0,50.0,66.67,0.0,66.67,0.0,33.33
UGC05414,6,hybrid,m33,0.0,9.55,12.49,33.33,50.0,50.0,66.67,0.0,66.67,16.67,33.33
UGC05716,12,macros,m33,0.0,19.56,34.86,66.67,33.33,41.67,66.67,75.0,66.67,41.67,50.0
UGC05716,12,highbits,m33,0.0,13.53,34.86,33.33,8.33,41.67,50.0,25.0,41.67,41.67,50.0
UGC05716,12,max-latch,m33,0.0,13.66,34.86,25.0,8.33,33.33,50.0,25.0,41.67,50.0,50.0
UGC05716,12,hybrid,m33,0.0,13.32,34.86,25.0,8.33,33.33,50.0,25.0,41.67,41.67,50.0
UGC05721,23,macros,m33,4.35,33.52,36.99,65.22,52.17,73.91,60.87,21.74,82.61,43.48,39.13
UGC05721,23,highbits,m33,0.0,25.01,36.99,47.83,52.17,65.22,65.22,69.57,39.13,43.48,39.13
UGC05721,23,max-latch,m33,0.0,16.8,36.99,39.13,52.17,69.57,56.52,26.09,21.74,78.26,78.26
UGC05721,23,hybrid,m33,0.0,25.08,36.99,39.13,52.17,69.57,56.52,26.09,21.74,43.48,39.13
UGC05750,11,macros,m33,9.09,20.11,20.79,36.36,36.36,72.73,45.45,45.45,63.64,45.45,81.82
UGC05750,11,highbits,m33,0.0,11.59,20.79,54.55,45.45,36.36,72.73,72.73,9.09,45.45,81.82
UGC05750,11,max-latch,m33,0.0,15.05,20.79,54.55,45.45,36.36,54.55,72.73,9.09,63.64,81.82
UGC05750,11,hybrid,m33,0.0,11.41,20.79,54.55,45.45,36.36,54.55,72.73,9.09,45.45,81.82
UGC05764,10,macros,m33,0.0,25.42,27.96,60.0,80.0,60.0,60.0,40.0,60.0,20.0,100.0
UGC05764,10,highbits,m33,0.0,23.0,27.96,40.0,30.0,50.0,60.0,30.0,50.0,20.0,100.0
UGC05764,10,max-latch,m33,0.0,17.75,27.96,40.0,20.0,60.0,50.0,40.0,50.0,80.0,100.0
UGC05764,10,hybrid,m33,0.0,22.91,27.96,40.0,20.0,60.0,50.0,40.0,50.0,20.0,100.0
UGC05829,11,macros,m33,0.0,20.69,20.89,45.45,54.55,54.55,45.45,45.45,45.45,54.55,72.73
UGC05829,11,highbits,m33,9.09,15.96,20.89,81.82,36.36,36.36,63.64,54.55,54.55,54.55,72.73
UGC05829,11,max-latch,m33,9.09,14.25,20.89,81.82,36.36,36.36,63.64,54.55,54.55,72.73,72.73
UGC05829,11,hybrid,m33,9.09,15.96,20.89,81.82,36.36,36.36,63.64,54.55,54.55,54.55,72.73
UGC05918,8,macros,m33,0.0,19.41,18.38,62.5,50.0,37.5,50.0,62.5,62.5,62.5,100.0
UGC05918,8,highbits,m33,0.0,17.26,18.38,62.5,62.5,50.0,62.5,75.0,100.0,62.5,100.0
UGC05918,8,max-latch,m33,0.0,13.79,18.38,62.5,62.5,50.0,62.5,75.0,100.0,100.0,100.0
UGC05918,8,hybrid,m33,0.0,17.26,18.38,62.5,62.5,50.0,62.5,75.0,100.0,62.5,100.0
UGC05986,15,macros,m33,0.0,20.94,38.97,33.33,40.0,26.67,26.67,20.0,80.0,53.33,86.67
UGC05986,15,highbits,m33,6.67,20.04,38.97,60.0,53.33,80.0,40.0,66.67,33.33,53.33,86.67
UGC05986,15,max-latch,m33,0.0,18.35,38.97,66.67,53.33,80.0,46.67,66.67,13.33,73.33,86.67
UGC05986,15,hybrid,m33,0.0,17.61,38.97,66.67,53.33,80.0,46.67,66.67,13.33,53.33,86.67
UGC05999,5,macros,m33,0.0,15.25,37.19,60.0,60.0,40.0,40.0,20.0,40.0,60.0,100.0
UGC05999,5,highbits,m33,0.0,7.47,37.19,40.0,60.0,40.0,60.0,60.0,60.0,60.0,100.0
UGC05999,5,max-latch,m33,0.0,15.79,37.19,40.0,60.0,40.0,60.0,60.0,60.0,60.0,80.0
UGC05999,5,hybrid,m33,0.0,7.47,37.19,40.0,60.0,40.0,60.0,60.0,60.0,60.0,100.0
UGC06399,9,macros,m33,11.11,21.05,28.75,55.56,77.78,55.56,66.67,55.56,55.56,88.89,88.89
UGC06399,9,highbits,m33,0.0,11.58,28.75,66.67,33.33,22.22,66.67,66.67,22.22,88.89,88.89
UGC06399,9,max-latch,m33,0.0,12.72,28.75,55.56,22.22,33.33,66.67,66.67,22.22,77.78,88.89
UGC06399,9,hybrid,m33,0.0,11.36,28.75,55.56,22.22,33.33,66.67,66.67,22.22,88.89,88.89
UGC06446,17,macros,m33,0.0,20.63,37.55,58.82,41.18,52.94,47.06,23.53,70.59,100.0,100.0
UGC06446,17,highbits,m33,5.88,16.54,37.55,41.18,47.06,52.94,47.06,64.71,94.12,100.0,100.0
UGC06446,17,max-latch,m33,5.88,16.4,37.55,41.18,41.18,47.06,47.06,70.59,94.12,94.12,100.0
UGC06446,17,hybrid,m33,5.88,15.98,37.55,41.18,41.18,47.06,47.06,70.59,94.12,100.0,100.0
UGC06614,13,macros,m33,0.0,17.87,50.98,0.0,0.0,0.0,0.0,0.0,0.0,100.0,92.31
UGC06614,13,highbits,m33,92.31,23.34,50.98,100.0,100.0,100.0,100.0,100.0,100.0,100.0,92.31
UGC06614,13,max-latch,m33,100.0,23.46,50.98,100.0,100.0,100.0,100.0,100.0,100.0,100.0,100.0
UGC06614,13,hybrid,m33,92.31,23.34,50.98,100.0,100.0,100.0,100.0,100.0,100.0,100.0,92.31
UGC06628,7,macros,m33,0.0,6.36,8.07,71.43,71.43,57.14,28.57,85.71,71.43,14.29,14.29
UGC06628,7,highbits,m33,0.0,5.27,8.07,57.14,85.71,85.71,57.14,28.57,57.14,14.29,14.29
UGC06628,7,max-latch,m33,0.0,4.09,8.07,57.14,85.71,85.71,57.14,28.57,57.14,42.86,14.29
UGC06628,7,hybrid,m33,0.0,5.27,8.07,57.14,85.71,85.71,57.14,28.57,57.14,14.29,14.29
UGC06667,9,macros,m33,0.0,36.25,45.28,44.44,44.44,33.33,44.44,44.44,55.56,33.33,44.44
UGC06667,9,highbits,m33,0.0,27.15,45.28,66.67,22.22,33.33,11.11,55.56,33.33,33.33,44.44
UGC06667,9,max-latch,m33,0.0,24.81,45.28,66.67,22.22,33.33,11.11,55.56,33.33,22.22,44.44
UGC06667,9,hybrid,m33,0.0,27.15,45.28,66.67,22.22,33.33,11.11,55.56,33.33,33.33,44.44
UGC06786,45,macros,m33,0.0,14.42,51.95,0.0,0.0,0.0,0.0,0.0,0.0,100.0,97.78
UGC06786,45,highbits,m33,97.78,21.4,51.95,100.0,100.0,100.0,100.0,100.0,100.0,100.0,97.78
UGC06786,45,max-latch,m33,100.0,23.18,51.95,100.0,100.0,100.0,100.0,100.0,100.0,100.0,100.0
UGC06786,45,hybrid,m33,97.78,21.4,51.95,100.0,100.0,100.0,100.0,100.0,100.0,100.0,97.78
UGC06787,71,macros,m33,0.0,14.83,64.97,1.41,0.0,0.0,0.0,1.41,1.41,100.0,98.59
UGC06787,71,highbits,m33,98.59,38.14,64.97,100.0,100.0,100.0,100.0,100.0,100.0,100.0,98.59
UGC06787,71,max-latch,m33,100.0,40.85,64.97,100.0,100.0,100.0,100.0,100.0,100.0,100.0,100.0
UGC06787,71,hybrid,m33,98.59,38.14,64.97,100.0,100.0,100.0,100.0,100.0,100.0,100.0,98.59
UGC06818,8,macros,m33,0.0,17.55,20.18,12.5,37.5,75.0,50.0,50.0,37.5,50.0,37.5
UGC06818,8,highbits,m33,0.0,16.88,20.18,75.0,25.0,37.5,37.5,75.0,50.0,50.0,37.5
UGC06818,8,max-latch,m33,0.0,16.51,20.18,50.0,12.5,37.5,50.0,75.0,50.0,50.0,37.5
UGC06818,8,hybrid,m33,0.0,16.51,20.18,50.0,12.5,37.5,50.0,75.0,50.0,50.0,37.5
UGC06917,11,macros,m33,0.0,8.7,30.6,36.36,54.55,63.64,54.55,36.36,54.55,54.55,100.0
UGC06917,11,highbits,m33,0.0,11.87,30.6,45.45,45.45,63.64,36.36,45.45,36.36,54.55,100.0
UGC06917,11,max-latch,m33,0.0,19.07,30.6,45.45,45.45,63.64,36.36,45.45,36.36,54.55,90.91
UGC06917,11,hybrid,m33,0.0,11.87,30.6,45.45,45.45,63.64,36.36,45.45,36.36,54.55,100.0
UGC06923,6,macros,m33,0.0,6.76,15.11,66.67,50.0,33.33,100.0,50.0,83.33,0.0,83.33
UGC06923,6,highbits,m33,0.0,6.45,15.11,33.33,33.33,33.33,83.33,16.67,0.0,0.0,83.33
UGC06923,6,max-latch,m33,0.0,15.14,15.11,33.33,50.0,33.33,83.33,16.67,0.0,16.67,66.67
UGC06923,6,hybrid,m33,0.0,6.38,15.11,33.33,50.0,33.33,83.33,16.67,0.0,0.0,83.33
UGC06930,10,macros,m33,0.0,9.94,31.49,70.0,60.0,50.0,50.0,80.0,70.0,60.0,100.0
UGC06930,10,highbits,m33,0.0,7.69,31.49,30.0,30.0,60.0,60.0,40.0,20.0,60.0,100.0
UGC06930,10,max-latch,m33,0.0,15.16,31.49,30.0,40.0,70.0,70.0,40.0,20.0,70.0,90.0
UGC06930,10,hybrid,m33,0.0,7.69,31.49,30.0,40.0,70.0,70.0,40.0,20.0,60.0,100.0
UGC06973,9,macros,m33,0.0,4.64,88.39,0.0,0.0,0.0,0.0,0.0,0.0,100.0,88.89
UGC06973,9,highbits,m33,88.89,6.59,88.39,100.0,100.0,100.0,100.0,100.0,100.0,100.0,88.89
UGC06973,9,max-latch,m33,100.0,7.2,88.39,100.0,100.0,100.0,100.0,100.0,100.0,100.0,100.0
UGC06973,9,hybrid,m33,88.89,6.59,88.39,100.0,100.0,100.0,100.0,100.0,100.0,100.0,88.89
UGC06983,17,macros,m33,0.0,10.61,42.45,58.82,41.18,47.06,47.06,52.94,64.71,70.59,100.0
UGC06983,17,highbits,m33,0.0,8.57,42.45,47.06,52.94,64.71,58.82,58.82,29.41,70.59,100.0
UGC06983,17,max-latch,m33,0.0,14.15,42.45,41.18,52.94,52.94,58.82,47.06,29.41,70.59,94.12
UGC06983,17,hybrid,m33,0.0,8.11,42.45,41.18,52.94,52.94,58.82,47.06,29.41,70.59,100.0
UGC07089,12,macros,m33,0.0,17.18,14.93,75.0,66.67,50.0,41.67,41.67,66.67,41.67,58.33
UGC07089,12,highbits,m33,0.0,18.13,14.93,33.33,50.0,41.67,41.67,58.33,58.33,41.67,58.33
UGC07089,12,max-latch,m33,0.0,9.66,14.93,50.0,50.0,58.33,33.33,58.33,58.33,25.0,58.33
UGC07089,12,hybrid,m33,8.33,17.9,14.93,50.0,50.0,58.33,33.33,58.33,58.33,41.67,58.33
UGC07125,13,macros,m33,0.0,12.55,14.7,23.08,46.15,23.08,61.54,38.46,23.08,23.08,7.69
UGC07125,13,highbits,m33,0.0,8.65,14.7,46.15,69.23,46.15,46.15,61.54,76.92,23.08,7.69
UGC07125,13,max-latch,m33,0.0,9.74,14.7,30.77,38.46,38.46,38.46,69.23,84.62,0.0,7.69
UGC07125,13,hybrid,m33,0.0,8.1,14.7,30.77,38.46,38.46,38.46,69.23,84.62,23.08,7.69
UGC07151,11,macros,m33,0.0,15.2,15.57,27.27,36.36,54.55,45.45,63.64,45.45,54.55,45.45
UGC07151,11,highbits,m33,0.0,13.24,15.57,45.45,45.45,54.55,90.91,81.82,90.91,54.55,45.45
UGC07151,11,max-latch,m33,0.0,8.58,15.57,36.36,54.55,54.55,90.91,81.82,90.91,0.0,45.45
UGC07151,11,hybrid,m33,0.0,13.21,15.57,36.36,54.55,54.55,90.91,81.82,90.91,54.55,45.45
UGC07232,4,macros,m33,0.0,12.89,9.11,0.0,25.0,75.0,50.0,50.0,50.0,75.0,100.0
UGC07232,4,highbits,m33,0.0,10.47,9.11,50.0,25.0,50.0,25.0,50.0,25.0,75.0,100.0
UGC07232,4,max-latch,m33,0.0,9.84,9.11,25.0,50.0,50.0,25.0,50.0,25.0,50.0,100.0
UGC07232,4,hybrid,m33,0.0,10.43,9.11,25.0,50.0,50.0,25.0,50.0,25.0,75.0,100.0
UGC07261,7,macros,m33,14.29,8.92,22.26,71.43,57.14,85.71,42.86,57.14,71.43,57.14,71.43
UGC07261,7,highbits,m33,0.0,6.94,22.26,71.43,42.86,28.57,71.43,71.43,28.57,57.14,71.43
UGC07261,7,max-latch,m33,0.0,6.32,22.26,71.43,28.57,28.57,71.43,28.57,28.57,71.43,71.43
UGC07261,7,hybrid,m33,0.0,6.13,22.26,71.43,28.57,28.57,71.43,28.57,28.57,57.14,71.43
UGC07323,10,macros,m33,0.0,10.22,10.35,60.0,60.0,80.0,30.0,50.0,50.0,30.0,60.0
UGC07323,10,highbits,m33,0.0,13.6,10.35,50.0,50.0,40.0,40.0,80.0,30.0,30.0,60.0
UGC07323,10,max-latch,m33,0.0,12.79,10.35,40.0,60.0,30.0,40.0,80.0,30.0,20.0,60.0
UGC07323,10,hybrid,m33,0.0,13.6,10.35,40.0,60.0,30.0,40.0,80.0,30.0,30.0,60.0
UGC07399,10,macros,m33,0.0,18.72,50.95,80.0,60.0,50.0,40.0,50.0,50.0,80.0,100.0
UGC07399,10,highbits,m33,0.0,16.95,50.95,80.0,70.0,70.0,40.0,50.0,40.0,80.0,100.0
UGC07399,10,max-latch,m33,0.0,16.41,50.95,30.0,50.0,60.0,40.0,50.0,40.0,80.0,100.0
UGC07399,10,hybrid,m33,0.0,16.41,50.95,30.0,50.0,60.0,40.0,50.0,40.0,80.0,100.0
UGC07524,31,macros,m33,0.0,22.09,26.76,25.81,41.94,38.71,41.94,51.61,67.74,74.19,87.1
UGC07524,31,highbits,m33,0.0,13.84,26.76,51.61,61.29,51.61,54.84,48.39,32.26,74.19,87.1
UGC07524,31,max-latch,m33,0.0,14.17,26.76,51.61,58.06,54.84,58.06,45.16,32.26,77.42,87.1
UGC07524,31,hybrid,m33,0.0,13.82,26.76,51.61,58.06,54.84,58.06,45.16,32.26,74.19,87.1
UGC07559,7,macros,m33,0.0,15.42,6.79,28.57,42.86,42.86,71.43,42.86,42.86,85.71,100.0
UGC07559,7,highbits,m33,0.0,14.23,6.79,57.14,71.43,57.14,42.86,57.14,14.29,85.71,100.0
UGC07559,7,max-latch,m33,0.0,11.04,6.79,57.14,71.43,57.14,42.86,57.14,14.29,42.86,100.0
UGC07559,7,hybrid,m33,0.0,14.23,6.79,57.14,71.43,57.14,42.86,57.14,14.29,85.71,100.0
UGC07577,9,macros,m33,33.33,7.52,1.77,77.78,44.44,55.56,77.78,77.78,100.0,66.67,100.0
UGC07577,9,highbits,m33,0.0,5.66,1.77,55.56,44.44,33.33,66.67,66.67,33.33,66.67,100.0
UGC07577,9,max-latch,m33,0.0,6.21,1.77,55.56,55.56,33.33,66.67,66.67,33.33,100.0,100.0
UGC07577,9,hybrid,m33,0.0,5.63,1.77,55.56,55.56,33.33,66.67,66.67,33.33,66.67,100.0
UGC07603,12,macros,m33,0.0,26.39,25.75,41.67,58.33,25.0,41.67,50.0,33.33,83.33,100.0
UGC07603,12,highbits,m33,0.0,20.42,25.75,58.33,50.0,75.0,41.67,41.67,75.0,83.33,100.0
UGC07603,12,max-latch,m33,0.0,16.68,25.75,58.33,41.67,66.67,58.33,25.0,83.33,83.33,100.0
UGC07603,12,hybrid,m33,0.0,17.84,25.75,58.33,41.67,66.67,58.33,25.0,83.33,83.33,100.0
UGC07608,8,macros,m33,0.0,34.66,30.64,12.5,37.5,50.0,25.0,50.0,37.5,37.5,100.0
UGC07608,8,highbits,m33,0.0,29.78,30.64,50.0,62.5,37.5,37.5,37.5,37.5,37.5,100.0
UGC07608,8,max-latch,m33,0.0,23.0,30.64,50.0,62.5,37.5,37.5,37.5,37.5,87.5,100.0
UGC07608,8,hybrid,m33,0.0,29.78,30.64,50.0,62.5,37.5,37.5,37.5,37.5,37.5,100.0
UGC07690,7,macros,m33,0.0,4.1,13.01,100.0,42.86,28.57,28.57,100.0,14.29,28.57,14.29
UGC07690,7,highbits,m33,0.0,2.67,13.01,28.57,14.29,28.57,71.43,42.86,42.86,28.57,14.29
UGC07690,7,max-latch,m33,0.0,4.47,13.01,14.29,42.86,28.57,71.43,14.29,85.71,0.0,0.0
UGC07690,7,hybrid,m33,0.0,2.03,13.01,14.29,42.86,28.57,71.43,14.29,85.71,28.57,14.29
UGC07866,7,macros,m33,0.0,10.96,7.48,42.86,42.86,71.43,57.14,57.14,28.57,42.86,100.0
UGC07866,7,highbits,m33,0.0,10.01,7.48,42.86,57.14,14.29,42.86,28.57,28.57,42.86,100.0
UGC07866,7,max-latch,m33,0.0,9.33,7.48,42.86,57.14,14.29,42.86,28.57,28.57,42.86,100.0
UGC07866,7,hybrid,m33,0.0,10.01,7.48,42.86,57.14,14.29,42.86,28.57,28.57,42.86,100.0
UGC08286,17,macros,m33,5.88,24.61,36.67,58.82,58.82,41.18,17.65,41.18,94.12,100.0,100.0
UGC08286,17,highbits,m33,0.0,20.35,36.67,58.82,41.18,35.29,70.59,29.41,82.35,100.0,100.0
UGC08286,17,max-latch,m33,0.0,18.01,36.67,58.82,35.29,41.18,35.29,17.65,41.18,100.0,100.0
UGC08286,17,hybrid,m33,0.0,18.01,36.67,58.82,35.29,41.18,35.29,17.65,41.18,100.0,100.0
UGC08490,30,macros,m33,0.0,21.9,38.25,50.0,70.0,40.0,76.67,23.33,93.33,46.67,53.33
UGC08490,30,highbits,m33,3.33,16.74,38.25,53.33,40.0,50.0,53.33,56.67,36.67,46.67,53.33
UGC08490,30,max-latch,m33,0.0,11.09,38.25,56.67,60.0,43.33,76.67,83.33,10.0,90.0,90.0
UGC08490,30,hybrid,m33,0.0,15.67,38.25,56.67,60.0,43.33,76.67,83.33,10.0,46.67,53.33
UGC08550,11,macros,m33,0.0,22.52,25.0,54.55,45.45,45.45,54.55,54.55,54.55,63.64,100.0
UGC08550,11,highbits,m33,0.0,19.39,25.0,27.27,45.45,81.82,36.36,18.18,36.36,63.64,100.0
UGC08550,11,max-latch,m33,0.0,13.63,25.0,36.36,27.27,45.45,45.45,36.36,54.55,100.0,100.0
UGC08550,11,hybrid,m33,0.0,17.58,25.0,36.36,27.27,45.45,45.45,36.36,54.55,63.64,100.0
UGC08699,41,macros,m33,0.0,9.88,38.29,0.0,0.0,0.0,0.0,0.0,0.0,100.0,97.56
UGC08699,41,highbits,m33,97.56,19.24,38.29,100.0,100.0,100.0,100.0,100.0,100.0,100.0,97.56
UGC08699,41,max-latch,m33,100.0,20.4,38.29,100.0,100.0,100.0,100.0,100.0,100.0,100.0,100.0
UGC08699,41,hybrid,m33,97.56,19.24,38.29,100.0,100.0,100.0,100.0,100.0,100.0,100.0,97.56
UGC08837,8,macros,m33,12.5,19.52,7.95,50.0,62.5,62.5,37.5,50.0,75.0,62.5,100.0
UGC08837,8,highbits,m33,0.0,14.15,7.95,87.5,75.0,37.5,50.0,37.5,25.0,62.5,100.0
UGC08837,8,max-latch,m33,0.0,12.79,7.95,87.5,75.0,37.5,50.0,37.5,25.0,62.5,100.0
UGC08837,8,hybrid,m33,0.0,14.15,7.95,87.5,75.0,37.5,50.0,37.5,25.0,62.5,100.0
UGC09037,22,macros,m33,0.0,19.65,31.13,9.09,9.09,4.55,18.18,18.18,4.55,95.45,100.0
UGC09037,22,highbits,m33,72.73,27.59,31.13,90.91,90.91,95.45,81.82,81.82,95.45,95.45,100.0
UGC09037,22,max-latch,m33,72.73,32.99,31.13,90.91,90.91,95.45,81.82,81.82,95.45,95.45,95.45
UGC09037,22,hybrid,m33,72.73,27.59,31.13,90.91,90.91,95.45,81.82,81.82,95.45,95.45,100.0
UGC09133,68,macros,m33,0.0,25.59,61.92,0.0,0.0,0.0,0.0,0.0,0.0,100.0,98.53
UGC09133,68,highbits,m33,98.53,34.44,61.92,100.0,100.0,100.0,100.0,100.0,100.0,100.0,98.53
UGC09133,68,max-latch,m33,100.0,34.27,61.92,100.0,100.0,100.0,100.0,100.0,100.0,100.0,100.0
UGC09133,68,hybrid,m33,98.53,34.44,61.92,100.0,100.0,100.0,100.0,100.0,100.0,100.0,98.53
UGC09992,5,macros,m33,0.0,3.45,5.89,60.0,40.0,60.0,60.0,20.0,0.0,20.0,100.0
UGC09992,5,highbits,m33,0.0,2.78,5.89,60.0,60.0,60.0,60.0,40.0,60.0,20.0,100.0
UGC09992,5,max-latch,m33,0.0,2.56,5.89,40.0,60.0,60.0,60.0,40.0,60.0,0.0,100.0
UGC09992,5,hybrid,m33,0.0,2.77,5.89,40.0,60.0,60.0,60.0,40.0,60.0,20.0,100.0
UGC10310,7,macros,m33,0.0,14.55,22.51,28.57,42.86,42.86,71.43,57.14,42.86,57.14,57.14
UGC10310,7,highbits,m33,0.0,9.29,22.51,57.14,14.29,57.14,42.86,71.43,0.0,57.14,57.14
UGC10310,7,max-latch,m33,0.0,10.07,22.51,42.86,14.29,57.14,57.14,57.14,0.0,42.86,57.14
UGC10310,7,hybrid,m33,0.0,9.08,22.51,42.86,14.29,57.14,57.14,57.14,0.0,57.14,57.14
UGC11455,36,macros,m33,0.0,61.48,39.82,2.78,8.33,5.56,5.56,0.0,5.56,94.44,97.22
UGC11455,36,highbits,m33,88.89,85.24,39.82,97.22,91.67,94.44,94.44,100.0,94.44,94.44,97.22
UGC11455,36,max-latch,m33,88.89,92.92,39.82,97.22,91.67,94.44,94.44,100.0,94.44,94.44,94.44
UGC11455,36,hybrid,m33,88.89,85.24,39.82,97.22,91.67,94.44,94.44,100.0,94.44,94.44,97.22
UGC11557,12,macros,m33,8.33,14.92,20.84,75.0,41.67,25.0,33.33,41.67,66.67,58.33,50.0
UGC11557,12,highbits,m33,0.0,22.06,20.84,58.33,66.67,75.0,66.67,66.67,25.0,58.33,50.0
UGC11557,12,max-latch,m33,0.0,25.29,20.84,58.33,66.67,75.0,66.67,66.67,25.0,41.67,50.0
UGC11557,12,hybrid,m33,0.0,22.06,20.84,58.33,66.67,75.0,66.67,66.67,25.0,58.33,50.0
UGC11820,10,macros,m33,0.0,22.72,27.35,70.0,40.0,40.0,20.0,40.0,60.0,80.0,90.0
UGC11820,10,highbits,m33,0.0,18.44,27.35,40.0,50.0,60.0,50.0,20.0,70.0,80.0,90.0
UGC11820,10,max-latch,m33,10.0,15.56,27.35,50.0,50.0,50.0,60.0,30.0,70.0,80.0,90.0
UGC11820,10,hybrid,m33,10.0,17.83,27.35,50.0,50.0,50.0,60.0,30.0,70.0,80.0,90.0
UGC11914,65,macros,m33,0.0,23.39,20.22,0.0,0.0,0.0,0.0,0.0,0.0,100.0,98.46
UGC11914,65,highbits,m33,98.46,32.47,20.22,100.0,100.0,100.0,100.0,100.0,100.0,100.0,98.46
UGC11914,65,max-latch,m33,100.0,35.66,20.22,100.0,100.0,100.0,100.0,100.0,100.0,100.0,100.0
UGC11914,65,hybrid,m33,98.46,32.47,20.22,100.0,100.0,100.0,100.0,100.0,100.0,100.0,98.46
UGC12506,31,macros,m33,0.0,25.09,78.84,3.23,3.23,0.0,0.0,3.23,3.23,100.0,96.77
UGC12506,31,highbits,m33,96.77,31.81,78.84,96.77,100.0,96.77,100.0,96.77,96.77,100.0,96.77
UGC12506,31,max-latch,m33,96.77,31.81,78.84,96.77,100.0,96.77,100.0,96.77,96.77,100.0,96.77
UGC12506,31,hybrid,m33,96.77,31.81,78.84,96.77,100.0,96.77,100.0,96.77,96.77,100.0,96.77
UGC12632,15,macros,m33,0.0,21.65,28.54,26.67,40.0,20.0,73.33,66.67,40.0,80.0,86.67
UGC12632,15,highbits,m33,6.67,16.92,28.54,33.33,66.67,40.0,60.0,46.67,80.0,80.0,86.67
UGC12632,15,max-latch,m33,6.67,16.32,28.54,33.33,66.67,40.0,60.0,46.67,80.0,80.0,86.67
UGC12632,15,hybrid,m33,6.67,16.92,28.54,33.33,66.67,40.0,60.0,46.67,80.0,80.0,86.67
UGC12732,16,macros,m33,6.25,14.91,38.51,37.5,62.5,37.5,56.25,43.75,50.0,75.0,93.75
UGC12732,16,highbits,m33,6.25,10.82,38.51,68.75,50.0,43.75,50.0,37.5,68.75,75.0,93.75
UGC12732,16,max-latch,m33,6.25,12.14,38.51,75.0,56.25,50.0,50.0,37.5,68.75,87.5,93.75
UGC12732,16,hybrid,m33,6.25,10.71,38.51,75.0,56.25,50.0,50.0,37.5,68.75,75.0,93.75
UGCA281,7,macros,m33,14.29,16.07,6.73,57.14,57.14,42.86,42.86,71.43,42.86,85.71,100.0
UGCA281,7,highbits,m33,0.0,15.2,6.73,71.43,28.57,0.0,57.14,85.71,14.29,85.71,100.0
UGCA281,7,max-latch,m33,0.0,12.02,6.73,85.71,28.57,28.57,57.14,85.71,14.29,42.86,100.0
UGCA281,7,hybrid,m33,0.0,15.15,6.73,85.71,28.57,28.57,57.14,85.71,14.29,85.71,100.0
UGCA442,8,macros,m33,0.0,32.78,26.1,50.0,62.5,25.0,62.5,87.5,37.5,25.0,100.0
UGCA442,8,highbits,m33,0.0,30.23,26.1,50.0,37.5,37.5,62.5,37.5,50.0,25.0,100.0
UGCA442,8,max-latch,m33,0.0,20.48,26.1,62.5,50.0,37.5,37.5,12.5,50.0,100.0,100.0
UGCA442,8,hybrid,m33,0.0,28.95,26.1,62.5,50.0,37.5,37.5,12.5,50.0,25.0,100.0
UGCA444,36,macros,m33,2.78,19.43,14.06,52.78,52.78,47.22,61.11,47.22,30.56,69.44,100.0
UGCA444,36,highbits,m33,8.33,14.04,14.06,63.89,47.22,55.56,58.33,77.78,94.44,69.44,100.0
UGCA444,36,max-latch,m33,11.11,16.01,14.06,55.56,50.0,50.0,58.33,77.78,94.44,97.22,100.0
UGCA444,36,hybrid,m33,8.33,13.94,14.06,55.56,50.0,50.0,58.33,77.78,94.44,69.44,100.0
